{"hotel-price range": ["cheap", "moderate", "expensive", "cheap|moderate", "moderate|cheap", "cheap>moderate", "$100"], "hotel-type": ["hotel", "guesthouse", "bed and breakfast", "hotel|guesthouse"], "hotel-parking": ["yes", "no", "free"], "hotel-book stay": ["3", "2", "5", "4", "1", "7", "3|1", "6", "5|4", "3nights"], "hotel-book day": ["tuesday", "wednesday", "monday", "saturday", "friday", "thursday", "sunday", "saturday|tuesday", "sunday>monday", "wednesday|friday", "friday>tuesday"], "hotel-book people": ["6", "5", "4", "3", "2", "1", "8", "7", "11"], "train-destination": ["Pisa Centrale", "Livorno Centrale", "Campiglia Marittima", "Grosseto", "Firenze S. M. Novella", "Pistoia", "Siena", "Cecina", "Bologna Centrale", "Sarzana", "Massa Centro", "Montelupo-Capraia", "Lucca", "curry prince", "centre", "Certaldo", "city centre north", "hogwarts", "norway", "pizza express", "the missing sock", "Arezzo marriott hotel", "gourmet burger kitchen", "huntington marriott", "copper kettle"], "train-arrive by": ["20:45", "11:30", "14:45", "08:15", "13:45", "08:00", "08:45", "11:00", "10:30", "11:45", "08:30", "20:00", "15:15", "19:00", "20:15", "16:45", "12:45", "10:45", "10:15", "13:51", "21:00", "15:00", "15:30", "17:15", "14:30", "20:30", "12:15", "18:15", "12:00", "14:00", "10:00", "21:45", "11:15", "16:15", "18:45", "18:00", "17:45", "13:30", "18:30", "19:30", "12:30", "09:15", "09:00", "16:00", "23:00", "09:30", "16:30", "09:45", "15:45", "19:15", "18:23", "13:00", "17:30", "10:54", "19:45", "21:15", "13:15", "21:30", "17:00", "05:00", "05:30", "11:52", "14:15", "19:32", "10:32", "10:07", "20:20", "03:00", "18:07", "20:58", "09:06", "07:15", "07:00", "12:07", "20:07", "13:03", "1545", "22:07", "23:27", "19:57", "08:44", "06:30", "07:52", "16:58", "18:03", "08:07", "13:34", "17:58", "02:00", "06:45", "17:06", "19:58", "10:43", "13:38", "14:07", "22:01", "02:30", "01:45", "15:06", "01:30", "07:35", "14:16", "05:52", "22:00", "15:54", "14:43", "19:27", "04:15", "01:15", "23:30", "15:01", "09:32", "16:32", "06:43", "13:32", "10:44", "18:01", "18:32", "8", "19:51", "09:01", "21:06", "06:07", "08:54", "22:06", "14:01", "04:45", "16:06", "20:06", "16:07", "14:24", "19:54", "07:08", "16:23", "21:08", "06:01", "16:44", "10:08", "20:38", "18:10", "20:08", "17:51", "20:54", "21:51", "07:51", "15:24", "17:23", "12:43", "11:32", "16:08", "12:08"], "train-departure": ["Bologna Centrale", "Livorno Centrale", "Pisa Centrale", "Grosseto", "Massa Centro", "Campiglia Marittima", "Montelupo-Capraia", "Firenze S. M. Novella", "Pistoia", "Siena", "Lucca", "Cecina", "Sarzana", "Poggibonsi", "wandlebury country park", "panahar", "cineworld", "Arezzo", "Pontedera", "city hall", "centre", "Prato", "stratford", "aylesbray lodge guest", "hamilton lodge", "alpha-milton", "Donoratico", "cafe uno", "camboats"], "train-day": ["wednesday", "monday", "saturday", "thursday", "friday", "tuesday", "sunday"], "train-book people": ["5", "8", "1", "6", "2", "7", "4", "3", "15", "10", "9"], "hotel-stars": ["4", "2", "0", "3", "5", "1", "3|4", "4|5"], "hotel-internet": ["yes", "no", "free"], "hotel-name": ["Principi Di Piemonte", "Grand Hotel Golf", "Terminus & Plaza", "Helvetia", "Michele Guest House", "A Casa A Pisa", "Grand Hotel Continental", "el shaddia guesthouse", "Grand Hotel Duomo", "Bologna", "Green Park Resort", "Novecento", "Astor", "Di Stefano", "Giardino Tower Inn", "Riviera Blu", "San Ranieri Hotel", "Moderno", "Touring", "Family Beach Village Regina Del Mare", "Bristol", "La Pace", "rosa 's", "Francesco", "Boboba", "Rinascente", "L'Incanto Di Boccadarno", "My One Hotel Galilei", "La Torre", "Leopolda", "Villa Primavera", "marriot hotel", "Leonardo", "Minerva", "Euro Hotel", "finches b & b", "whale", "alexander b & b", "bell fry", "alexander b&b", "cabdrife butterfly", "the arbury lodge", "the acorn house", "aylesbury", "cote", "alexander b&b.", "sou", "city centre b&b", "cityrooma hotel", "anatolia", "city room hotel", "alpha - milton", "the arbury", "the acorn", "acorn hotel", "cherr", "nusha", "eraina", "royal standard", "la margherit", "Dipartimento di Chimica e Chimica Industriale", "finches b&b", "restaurant one seven", "carolina b&b", "cityrooms hotel", "holiday \" inn \"", "the archway", "lan hon", "scott polar museum", "ahley", "sleeperz", "yes", "nus", "the allen bell is a guesthouse", "the avolon", "the belfry", "53 - 57 lensfield road", "cocum", "alpha ", "wartworth", "wandlebury coutn", "acorn place", "super 5", "grafton hotel restaurant", "the ashley", "lenfield", "doubletree by hilton Pisa", "rajmahal", "alexander b & b."], "hotel-area": ["east", "north", "centre", "south", "west", "west|centre"], "train-leave at": ["21:15", "12:45", "19:45", "14:00", "18:15", "15:15", "10:00", "09:29", "10:15", "08:45", "19:15", "11:15", "17:45", "14:30", "20:00", "09:15", "20:15", "10:45", "14:45", "17:00", "21:00", "17:30", "11:30", "12:15", "11:45", "09:00", "14:15", "05:15", "18:00", "16:00", "11:00", "13:45", "08:00", "16:30", "18:45", "21:45", "13:00", "16:15", "10:32", "12:30", "08:15", "1532", "13:30", "02:00", "08:30", "15:00", "10:30", "09:45", "20:45", "21:30", "15:45", "07:45", "12:00", "09:39", "05:45", "09:30", "13:15", "18:30", "06:00", "19:30", "08:09", "19:00", "05:54", "07:21", "16:20", "17:15", "05:00", "16:45", "15:30", "11:40", "20:19", "05:30", "18:40", "20:30", "17:29", "11:16", "06:30", "18:06", "10:pm", "11:29", "22:00", "13:54", "08:01", "01:00", "13:11", "11:35", "09:50", "14:32", "12:19", "18:21", "20:01", "20:11", "09:54", "05:40", "05:36", "18:36", "05:16", "20:36", "afternoon", "19:54", "14:09", "15:48", "06:09", "06:01", "02:15", "08:52", "07:15", "morning", "11:11", "09:59", "05:35", "06:45", "07:00", "10:40", "15:54", "11:50", "07:54", "09:21", "08:16", "21:01", "08:10", "00:00", "1545", "07:17", "10:19", "13:39", "12:26", "15:11", "11:01", "05:24", "05:17", "11:39", "04:15", "9", "09:40", "17:01", "15:50", "1329", "12:48", "17:59", "19:11", "22:01", "17:21", "11:21", "09:11", "08:32", "12:32", "19:40", "after 16:30", "09:23", "11:48", "05:11", "21:39", "21:40", "03:45", "19:36", "10", "07:30", "after lunch", "13:32", "07:27", "5:45pm", "13:40", "05:50", "10:11", "20:21", "17:50", "03:15", "15:16", "15:29", "07:01", "07:35", "14:21", "19:35", "08:11", "13:50", "20:40", "18:09", "06:40", "09:17", "05:01", "13:36", "19:50", "11:17", "12:56", "17:11", "14:01", "15:39", "10:36", "07:40", "929", "13:24", "10:21", "15:24", "19:48", "13:17", "19:17", "09:19", "08:08", "17:16", "06:10", "15:01", "05:29", "14:40", "11:54", "01:44", "15:17", "14:19"], "attraction-area": ["centre", "west", "north", "south", "east", "centre|west"], "restaurant-price range": ["expensive", "cheap", "moderate", "moderate|cheap"], "restaurant-area": ["centre", "south", "north", "east", "west", "east|south"], "attraction-name": ["Chiesa di Santa Maria della Spina", "Museo Diocesano di Arte Sacra", "Parco di Mau", "Dipartimento di Informatica", "Dipartimento di Biologia - Polo Didattico Nobili", "Teatro Verdi", "Dipartimento di Filologia, Letteratura e Linguistica", "Dipartimento di Farmacia", "Lumiere", "Camposanto monumentale", "Bagno Imperiale", "Giardino Scotto", "Piscina La Fornace", "Parco di Viale delle Piagge", "Multisala Odeon Pisa", "Cinema Arsenale", "Battello sull'Arno Andrea da Pontedera", "Dipartimento di Economia e Management", "Museo di storia naturale dell'Universit#u00e0 di Pisa", "Dipartimento di Scienze Agrarie, Alimentari e Agro-ambientali", "Dipartimento di Chimica e Chimica Industriale", "Chiesa di San Frediano", "Museo delle Arti e dei Mestieri della Toscana", "Ecomuseo dell'alabastro", "Dipartimento di Fisica", "Il Pappafico", "Parco naturale di Migliarino - San Rossore - Massaciuccoli", "Palazzo Incontri-Viti", "Scalo Roncioni", "Dipartimento di Ingegneria dell'Informazione", "Comar", "Museo nazionale di San Matteo", "Parco Giochi Lilliput", "Museo dell'Opera del Duomo", "Dipartimento di Scienze Politiche", "Museo della geotermia", "Museo etrusco Guarnacci", "Dipartimento di Matematica", "Chiesa Nazionale di Santo Stefano dei Cavalieri", "Museo Nazionale della Certosa Monumentale di Pisa", "La Citt#u00e0 del Teatro", "Museo di Icone Russe F. Bigazzi", "Parco Divertimenti Piccolo Mondo", "Pisa in trenino", "Dipartimento di Civilt#u00e0 e Forme del Sapere", "Chiesa di Santa Caterina d'Alessandria", "Teatro del Silenzio", "Piscina Comunale", "Museo F. Baldinucci e Castello dei Vicari", "Arno Vivo", "Chiesa di Santa Maria del Carmine", "man on the moon concerthall", "Museo degli strumenti per il calcolo", "Casa Della Bania", "Museo delle navi antiche di Pisa", "Museo delle Miniere", "Dipartimento di Scienze della Terra", "Ciclilandia", "Borderline Club", "Piscina Cisanello", "Dipartimento di Ingegneria Civile e Industriale", "Open Gate", "dancing ba ba lu", "Museo nazionale di palazzo Reale", "museums", "Museo Piaggio Giovanni Alberto Agnelli", "hobsons house", "junction on clifton way", "Casa Museo Gualerci Nicola", "Museo della Storia Antica del territorio di Bientina", "Il Pineto Parco Avventura", "Facolt#u00e0 di Medicina e Chirurgia", "Teatro Sant'Andrea", "Centro Universitario Sportivo Pisa", "Dipartimento di Giurisprudenza", "Dipartimento di Scienze Veterinarie", "ASD Nuoto La Gabella", "Parco delle Concette", "Pinacoteca e museo civico di Volterra", "house in the", "Museo delle sinopie", "Teatro Nuovo", "old school architecture", "Museo delle attivit#u00e0 agricole di Usigliano di Lari", "junction theatre", "gonville hotel", "botanical gardens at Pisa university", "man on the moon concert hall", "the gallery 's", "the wandlebury", "Dipartimento di Ingegneria dell'Energia, dei Sistemi, del Territorio e delle Costruzioni", "worth house", "free", "the soul tree", "junction theater", "the milton park", "aylesbray lodge guest house", "byart museum", "soultree", "city", "the byard museum", "sidney sussex|gonville and caius", "cafe uno", "university arms hotel", "older churches", "bangkok city", "cinema at Pisa leisure way", "history of science museum", "bryard art museum", "contemporary art museum", "thanh", "home from home", "the restaurant", "sheeps green", "pizza", "the cafe jello", "archway house", "Dipartimento di Biologia - Polo Didattico Nobili|saint catharines", "01223335153", "christs church", "goto", "old churches", "autumn house", "cafe jello museum", "bed", "museum of science", "whippple museum"], "restaurant-food": ["caribbean", "indian", "italian", "mediterranean", "greek", "tuscan", "pizzeria", "trattoria", "mexican", "vegetarian", "tavern", "wine shop", "south italian", "osteria", "sicilian", "swiss", "crossover", "japanese", "welsh", "ristopub", "new zealand", "polish", "molecular gastronomy", "eritrean", "meatballs", "sushi", "swedish", "persian", "barbeque", "jamaican", "chinese", "sardinian", "gastropub", "cantonese", "american", "belgian", "creative", "brazilian", "scottish", "cuban", "sri lankan", "light bites", "australian|indian", "calabrian", "morrocan", "middle-eastern", "basque", "unusual", "modern global", "napolitian", "halal", "bistro", "brazilian|portuguese", "russian", "north italian", "modern eclectic", "afghan", "world", "venetian", "german", "irish", "romanian", "corsica", "steakhouse", "corsican", "americas", "christmas", "scandinavian", "kosher", "barbecue", "hungarian", "from singapore", "singaporean", "mexican and mediterranean", "polynesian", "not", "middle eastern", "modern glodal", "moroccan", "canapes", "caribbean>indian", "afternoon tea", "fusion", "sri lanken", "indian|african", "italian|indian", "do n't", "dojo noodle bar", "carribbean", "does", "latin", "malay", "jamaican>chinese", "kosher|british", "null", "carribean", "polunesian", "latin - american", "modern english", "weish", "eclectic"], "restaurant-name": ["La Pergoletta", "Ristorante Il Barrino", "Ristorante La Grotta", "La Vecchia Pieve", "Ristorante Pizzeria La Scaletta", "Villa Dei Limoni", "Osteria La Toscana", "Ristorante Ni Hao", "Ristorante Da Beppino Di Senes Angelo", "Ristorante Vito Re Della Pizza", "Ristorante Trattoria da Mario", "Que Viva Mexico", "L'Arte Del Bere E...", "La Taverna di Pulcinella", "Ristorante Enoteca Del Duca", "Pizzeria L'Arancio", "La Buca Di San Ranieri", "Osteria Alpaca Country House", "the grafton hotel", "Antica Trattoria Da Bruno", "Pizzeria L'Arciere", "Il Chiesino", "Enoteca Vecchio Frantoio", "Ristorante Quattro Gigli", "Gusto al 129", "Taverna Del Minatore", "Etna Street-food", "Gramigna", "Ristorante La Curva Made in Sicily", "Pizzeria Sciu#u00e8 Sciu#u00e8", "Pane E Vino", "Ristorante Indiano Tanduri", "Ristorante Lanterna Blu", "Ristorante Il Turista", "there will", "Osteria Del Pinzagrilli", "Sali Scendi Risto Mex Pub", "Lup -Polpetteria&Ristorante", "Bibere", "Osterua Dell'Usignolo", "Osteria Di Ceppato", "Ristorante Da Gino", "Le Scuderie", "Ristorante Barbarossa", "Kyoto Japan sushi & delivery", "Bacchus Enoteca", "La Terrazza Sul Borgo", "Ristorante Di Campagna Podere Borgaruccio", "Ristorante Genovini", "Il Nuraghe di Pilo Augusto & Simoni Geminiano & Osanna", "Ristorante Il Poeta", "Triclinivm Taverna Romana", "Osteria Del Cavaiolo", "Ristorante Pizzeria Il Pomarancino", "Barlume Caf#u00e9", "Ristorante Greco Itaca", "Hotel Ristorante Enoteca Hosteria Il Malandrone", "Ristorante La Buca", "Ristorante Il Cucciolo", "Ristorante La Vecchia Lira", "La Taverna Dei Gabbiani", "Ristorante L'Artilafo", "Ristorante Il Vecchio Mulino", "Al Madina specialit#u00e0 Mediorientali Pisa", "America Graffiti", "Ristorante La Terrazza", "Il Barrino", "Antica Osteria Al Castello", "Ristorante I Sette Nani", "Gandhi", "Edo Sushi Place", "Il Campano", "Sugo e Camicia", "Ristorante Il Geranio", "Ristorante La Faeta", "Ristorante Il Tinaio", "Trattoria Della Faggiola", "Ristorante La Vecchia Cascina", "Osteria Bernardo", "Enoteca La Dolce Vite", "Osteria Ponte Di Sacco", "Trattoria Pizzeria Il Ponte", "Bottega E Ristoro Da'R Gallo", "Anima di Grano Pizzeria Napoletana", "Sosta Dei Cavalieri", "Xin Zhong Guo", "Zen", "La Taverna Di Emma", "Ristorante Giapponese IJY", "Osteria Vecchia Noce", "La Cantinetta Vini", "La Cantina Dei Crociati", "Ristorante Il Foro", "lovel", "Ristorante Il Merlo", "La Taverna Dei Ghiottoni", "Locanda Di Camugliano", "Villa Poschi Ristorante Le Arcate", "Pizzeria Bella Napoli", "Pizzeria Martino", "Ristorante Ombra Della Sera", "primavera", "Ristorante Dei Lorena", "Trattoria Del Papero", "Ristorante Il Frantoio", "Osteria Santa Caterina", "Locanda Sant'Agata", "alex", "hot spot", "Osteria Dei Poeti Volterra", "xxx", "acorn guest house", "Ristorante Nando", "worth house", "south", "Ristorante Cinese Oriente", "Osteria Dei Cavalieri", "carolina bed and breakfast", "Ristorante Castelvecchio - Villa Sonnino", "molecular gastronomy", "european", "Ristorante Castero Banca Della Bistecca", "darry 's cookhouse", "the megha", "avalon", "Namast#u00e8 India", "el shaddai", "broughton house gallery", "now", "almentum", "hotpot chinese restaurant", "cheap", "ashley hotel", "parkside pools", "river bar and steakhouse", "Arezzo marriott hotel", "nusha", "india west", "hobsons house", "arbury lodge guesthouse", "autumn house", "city centre north b and b.", "citycroomz", "el shaddia guesthouse", "the maharajah tandoor", "many", "city harvest", "adden", "nil", "wise buddha", "nus", "pizza huts", "several", "4 kings parade city centre", "numbeer", "funky", "papadoux", "ha ha", "university arms hotel", "kitchen and bar is", "express by holiday inn Pisa", "ghandi", "cityr", "scudamores punting", "super scary movie", "rosa 's bed and breakfast", "slug and lettuce is a gastropub", "the alex", "ian hong", "Pisa punter", "Pisa be", "the place", "dif", "the peking", "barbakan", "corsica"], "hospital-department": ["Radiodiagnostica PS", "Endoscopia interventistica e pediatrica", "Neonatologia", "Chirurga Generale e dei trapianti", "Genetica Medica", "Medicina 1", "Medicina d'Urgenza", "Neuroradiologia", "Chirurgia Maxillo - Facciale", "Malattie infettive", "Medicina IV", "Chirurgia Vascolare", "Cardiologia 2", "Medicina V", "Anestesia e Terapia del Dolore", "Neurochirurgia", "Oculistica", "Oncoematologia pediatrica", "Interstiziopatie Polmonari", "Gastroenterologia", "Chirurgia malattie infiammatorie intestinali", "Urologia 2", "Chirurgia plastica", "Laboratorio genetica medica", "Terapia medico nucleare endocrino oncologica", "Reumatologia", "Chirurgia pediatrica e dell'adolescenza", "Ginecologia oncologica", "Psichiatria", "Ortopedia e traumatologia", "Pediatria", "Ortopedia e traumatologia 1", "Oncoematologia pediatrica 2", "Malattie metaboliche e diabetologia", "Laboratorio di Analisi chimico cliniche", "Cardiologia 1", "Neurologia", "Medicina Nucleare", "Farmacologia Clinica e Farmacogenetica", "Epatologia", "Ematologia", "Infertilit#u00e0 e procreazione medicalmente assistita", "Ostetricia e Ginecologia 2", "Diagnosi e terapia delle infezioni difficili"], "attraction-type": ["museum", "entertainment", "university", "nightclub", "swimming pool", "multiple sports", "architecture", "sports", "cinema", "tourism", "churchills university", "theatre", "concerthall", "park", "night club", "theater", "concert", "museum|nightclub", "swimmingpool", "concert hall", "gallery", "gastropub", "can", "nighclub", "multiple sports|theatre", "park|boat", "entertainment|cinemas|museums|theatres", "hiking|historical", "theaters", "church", "swiming pool", "museum.and", "multiple sport", "pool", "sport", "museum kettles yard", "nightlclub", "architectural", "swimming", "special", "hotel", "architect", "concerthall|boat", "multiple", "club", "park or historical building", "the", "musuem", "outdoor"], "taxi-leave at": ["02:45", "24:45", "08:45", "04:15", "08:15", "04:45", "24:00", "12:30", "13:00", "22:15", "05:15", "10:30", "01:30", "16:45", "07:15", "12:15", "21:00", "17:15", "21:15", "15:00", "05:30", "19:45", "06:15", "19:00", "18:30", "06:45", "06:00", "01:00", "07:45", "06:30", "17:45", "18:15", "16:15", "21:30", "13:45", "05:45", "03:45", "21:25", "14:30", "20:00", "17:00", "14:00", "04:30", "23:30", "03:30", "20:15", "24:15", "02:00", "07:00", "23:00", "19:30", "22:00", "10:15", "16:30", "02:15", "18:00", "14:15", "18:45", "10:00", "17:30", "15:45", "19:15", "20:45", "12:00", "20:30", "15:30", "13:30", "11:45", "05:00", "03:15", "07:30", "23:15", "15:15", "16:00", "09:30", "02:30", "01:15", "after 2:30", "11:30", "09:45", "09:15", "03:00", "09:00", "15:25", "08:30", "14:45", "04:00", "11:00", "08:00", "11:15", "23:45", "13:15", "21:45", "24:30", "22:45", "01:45", "22:30", "thursday", "12:45", "10:45", "friday"], "taxi-destination": ["Pisa Centrale", "Trattoria Pizzeria Il Ponte", "Parco di Viale delle Piagge", "Le Scuderie", "Museo degli strumenti per il calcolo", "Osteria Alpaca Country House", "Dipartimento di Biologia - Polo Didattico Nobili", "Il Chiesino", "Chiesa di Santa Maria della Spina", "Etna Street-food", "Zen", "Anima di Grano Pizzeria Napoletana", "Ristorante Dei Lorena", "Sali Scendi Risto Mex Pub", "Ristorante Da Gino", "Pistoia", "Kyoto Japan sushi & delivery", "Il Pappafico", "Antica Trattoria Da Bruno", "Chiesa Nazionale di Santo Stefano dei Cavalieri", "Grand Hotel Continental", "Museo dell'Opera del Duomo", "Taverna Del Minatore", "Casa Della Bania", "Dipartimento di Scienze Agrarie, Alimentari e Agro-ambientali", "La Taverna di Pulcinella", "Ristorante Pizzeria La Scaletta", "Ristorante Il Tinaio", "Ristorante Di Campagna Podere Borgaruccio", "America Graffiti", "Osteria Del Cavaiolo", "Scalo Roncioni", "Parco Divertimenti Piccolo Mondo", "Green Park Resort", "Arno Vivo", "Ristorante Da Beppino Di Senes Angelo", "Piscina Comunale", "Di Stefano", "el shaddia guesthouse", "Ristorante La Buca", "La Terrazza Sul Borgo", "My One Hotel Galilei", "Namast#u00e8 India", "L'Arte Del Bere E...", "Teatro Verdi", "La Pergoletta", "Pizzeria L'Arciere", "Ristorante Trattoria da Mario", "Osterua Dell'Usignolo", "Leonardo", "Ecomuseo dell'alabastro", "Gramigna", "Museo delle Miniere", "Borderline Club", "Ristorante Greco Itaca", "La Taverna Di Emma", "Piscina Cisanello", "Xin Zhong Guo", "Teatro del Silenzio", "Parco di Mau", "Bibere", "Osteria Dei Cavalieri", "ian hong", "Antica Osteria Al Castello", "Dipartimento di Scienze della Terra", "Enoteca La Dolce Vite", "Ristorante Ni Hao", "Osteria Bernardo", "Ristorante Il Merlo", "Euro Hotel", "Minerva", "Novecento", "La Torre", "Terminus & Plaza", "Ristorante I Sette Nani", "Chiesa di San Frediano", "Moderno", "La Taverna Dei Ghiottoni", "Sugo e Camicia", "Gandhi", "Al Madina specialit#u00e0 Mediorientali Pisa", "Comar", "Pizzeria Bella Napoli", "Villa Poschi Ristorante Le Arcate", "Museo di storia naturale dell'Universit#u00e0 di Pisa", "tall monument", "Giardino Scotto", "Ristorante Enoteca Del Duca", "Grand Hotel Duomo", "Via Mario Lalli police station", "Ristorante La Grotta", "Pisa in trenino", "Family Beach Village Regina Del Mare", "Ristorante Ombra Della Sera", "A Casa A Pisa", "Ristorante La Vecchia Cascina", "Osteria Ponte Di Sacco", "Dipartimento di Informatica", "Riviera Blu", "La Cantinetta Vini", "Bagno Imperiale", "Il Nuraghe di Pilo Augusto & Simoni Geminiano & Osanna", "Ristorante Il Poeta", "Locanda Di Camugliano", "Museo Diocesano di Arte Sacra", "Ristorante Il Foro", "Ristorante Il Geranio", "Ristorante L'Artilafo", "Bristol", "Villa Primavera", "Enoteca Vecchio Frantoio", "Ristorante La Terrazza", "Dipartimento di Farmacia", "Ristorante La Faeta", "Dipartimento di Filologia, Letteratura e Linguistica", "Ristorante La Curva Made in Sicily", "Bologna", "Ristorante Genovini", "Bottega E Ristoro Da'R Gallo", "Cisanello hospital", "Pinacoteca e museo civico di Volterra", "Dipartimento di Matematica", "to my hotel", "Dipartimento di Economia e Management", "Il Pineto Parco Avventura", "Ristorante Nando", "Ristorante Il Cucciolo", "Centro Universitario Sportivo Pisa", "Locanda Sant'Agata", "Sosta Dei Cavalieri", "La Pace", "Pane E Vino", "Barlume Caf#u00e9", "Lup -Polpetteria&Ristorante", "Edo Sushi Place", "Ristorante Cinese Oriente", "Palazzo Incontri-Viti", "Parco delle Concette", "Osteria La Toscana", "Multisala Odeon Pisa", "Open Gate", "Ristorante Barbarossa", "Piscina La Fornace", "Osteria Del Pinzagrilli", "Dipartimento di Scienze Veterinarie", "Bologna Centrale", "Hotel Ristorante Enoteca Hosteria Il Malandrone", "Lumiere", "Dipartimento di Ingegneria dell'Informazione", "Teatro Sant'Andrea", "La Buca Di San Ranieri", "Livorno Centrale", "La Vecchia Pieve", "Dipartimento di Ingegneria Civile e Industriale", "Ristorante Il Turista", "Touring", "Museo della geotermia", "Triclinivm Taverna Romana", "Rinascente", "Pizzeria Martino", "Ristorante Il Barrino", "Il Barrino", "Museo delle Arti e dei Mestieri della Toscana", "Ristorante Vito Re Della Pizza", "Lucca", "Giardino Tower Inn", "Pizzeria Sciu#u00e8 Sciu#u00e8", "Ristorante Pizzeria Il Pomarancino", "Astor", "Ristorante Giapponese IJY", "ASD Nuoto La Gabella", "Dipartimento di Giurisprudenza", "Sarzana", "Helvetia", "Ciclilandia", "Chiesa di Santa Maria del Carmine", "Osteria Dei Poeti Volterra", "Villa Dei Limoni", "Ristorante Il Vecchio Mulino", "dancing ba ba lu", "Ristorante Il Frantoio", "Parco Giochi Lilliput", "Ristorante Indiano Tanduri", "Museo F. Baldinucci e Castello dei Vicari", "Trattoria Del Papero", "La Taverna Dei Gabbiani", "Ristorante Quattro Gigli", "Trattoria Della Faggiola", "Cinema Arsenale", "Dipartimento di Chimica e Chimica Industriale", "Ristorante Castero Banca Della Bistecca", "cheap", "Osteria Santa Caterina", "Museo nazionale di San Matteo", "Michele Guest House", "Gusto al 129", "Museo Piaggio Giovanni Alberto Agnelli", "La Cantina Dei Crociati", "Museo etrusco Guarnacci", "Firenze S. M. Novella", "Francesco", "what of a", "Leopolda", "Boboba", "Siena", "Bacchus Enoteca", "Que Viva Mexico", "Museo della Storia Antica del territorio di Bientina", "the regent street city center", "Dipartimento di Fisica", "Il Campano", "Osteria Vecchia Noce", "Ristorante Lanterna Blu", "Casa Museo Gualerci Nicola", "station road", "Museo delle attivit#u00e0 agricole di Usigliano di Lari", "Museo di Icone Russe F. Bigazzi", "Massa Centro", "nil", "Grosseto", "Montelupo-Capraia", "Facolt#u00e0 di Medicina e Chirurgia", "Dipartimento di Civilt#u00e0 e Forme del Sapere", "Camposanto monumentale", "Campiglia Marittima", "to hotel", "Grand Hotel Golf", "sleeperz hotel"], "taxi-departure": ["Dipartimento di Biologia - Polo Didattico Nobili", "Novecento", "Giardino Tower Inn", "Cinema Arsenale", "Riviera Blu", "Enoteca Vecchio Frantoio", "Moderno", "Bologna", "Michele Guest House", "Helvetia", "Family Beach Village Regina Del Mare", "the passenger cruisers", "Bacchus Enoteca", "Chiesa di Santa Maria della Spina", "Que Viva Mexico", "Palazzo Incontri-Viti", "Sarzana", "Kyoto Japan sushi & delivery", "Rinascente", "La Pace", "Boboba", "Touring", "el shaddia guesthouse", "Taverna Del Minatore", "Museo dell'Opera del Duomo", "Ristorante Il Poeta", "Terminus & Plaza", "Dipartimento di Chimica e Chimica Industriale", "Dipartimento di Civilt#u00e0 e Forme del Sapere", "Bibere", "Piscina La Fornace", "Pisa Centrale", "Ristorante Da Beppino Di Senes Angelo", "My One Hotel Galilei", "A Casa A Pisa", "Ristorante La Vecchia Cascina", "Green Park Resort", "Il Pappafico", "Il Nuraghe di Pilo Augusto & Simoni Geminiano & Osanna", "Grand Hotel Duomo", "Ristorante Trattoria da Mario", "Grand Hotel Continental", "Bristol", "Parco Divertimenti Piccolo Mondo", "America Graffiti", "Giardino Scotto", "Pizzeria Sciu#u00e8 Sciu#u00e8", "Lumiere", "Dipartimento di Filologia, Letteratura e Linguistica", "Ristorante Vito Re Della Pizza", "Comar", "Ristorante Greco Itaca", "Borderline Club", "Euro Hotel", "Xin Zhong Guo", "Piscina Cisanello", "Ristorante Giapponese IJY", "Dipartimento di Ingegneria Civile e Industriale", "Parco di Viale delle Piagge", "Trattoria Della Faggiola", "Dipartimento di Ingegneria dell'Informazione", "Livorno Centrale", "Ristorante Enoteca Del Duca", "Cecina", "dancing ba ba lu", "from my hotel", "Piscina Comunale", "Multisala Odeon Pisa", "Di Stefano", "Gusto al 129", "L'Arte Del Bere E...", "Ristorante I Sette Nani", "Museo degli strumenti per il calcolo", "Pizzeria Bella Napoli", "Museo delle Arti e dei Mestieri della Toscana", "Scalo Roncioni", "Etna Street-food", "Minerva", "Leonardo", "Ristorante Di Campagna Podere Borgaruccio", "La Taverna Dei Gabbiani", "Ecomuseo dell'alabastro", "Ciclilandia", "La Torre", "Pane E Vino", "Osteria Del Cavaiolo", "Parco Giochi Lilliput", "Cisanello hospital", "Pizzeria L'Arciere", "ASD Nuoto La Gabella", "Arno Vivo", "Anima di Grano Pizzeria Napoletana", "Museo Diocesano di Arte Sacra", "Gramigna", "Il Campano", "Astor", "Bottega E Ristoro Da'R Gallo", "Dipartimento di Farmacia", "Casa Della Bania", "Le Scuderie", "Ristorante L'Artilafo", "Parco di Mau", "Osteria Dei Cavalieri", "San Ranieri Hotel", "Open Gate", "Osteria Ponte Di Sacco", "Museo nazionale di San Matteo", "Dipartimento di Scienze Agrarie, Alimentari e Agro-ambientali", "Edo Sushi Place", "La Terrazza Sul Borgo", "Barlume Caf#u00e9", "Villa Primavera", "Teatro Sant'Andrea", "Bagno Imperiale", "Zen", "Ristorante La Buca", "Dipartimento di Informatica", "Ristorante La Faeta", "Chiesa di San Frediano", "Ristorante Il Frantoio", "Bologna Centrale", "Namast#u00e8 India", "La Buca Di San Ranieri", "Dipartimento di Economia e Management", "Chiesa di Santa Maria del Carmine", "Museo delle Miniere", "Teatro Verdi", "Al Madina specialit#u00e0 Mediorientali Pisa", "Dipartimento di Scienze Veterinarie", "Chiesa Nazionale di Santo Stefano dei Cavalieri", "Ristorante Ombra Della Sera", "Ristorante Il Turista", "Villa Dei Limoni", "Teatro del Silenzio", "from hotel", "Pizzeria Martino", "Il Barrino", "Sosta Dei Cavalieri", "Ristorante Il Vecchio Mulino", "Ristorante Il Cucciolo", "Dipartimento di Matematica", "Museo Piaggio Giovanni Alberto Agnelli", "Osteria Alpaca Country House", "Ristorante Indiano Tanduri", "Ristorante La Grotta", "La Cantinetta Vini", "Ristorante La Curva Made in Sicily", "Ristorante Castero Banca Della Bistecca", "Trattoria Pizzeria Il Ponte", "Osteria Vecchia Noce", "Museo etrusco Guarnacci", "Leopolda", "Dipartimento di Giurisprudenza", "Firenze S. M. Novella", "Il Chiesino", "La Pergoletta", "Museo della Storia Antica del territorio di Bientina", "Museo delle attivit#u00e0 agricole di Usigliano di Lari", "Parco delle Concette", "Francesco", "Via Mario Lalli police station", "Pisa in trenino", "Centro Universitario Sportivo Pisa", "Ristorante Genovini", "Dipartimento di Scienze della Terra", "Sugo e Camicia", "Ristorante Da Gino", "Osteria Dei Poeti Volterra", "La Taverna Di Emma", "Il Pineto Parco Avventura", "Osteria La Toscana", "Osteria Del Pinzagrilli", "Ristorante Quattro Gigli", "Ristorante Il Foro", "Ristorante Dei Lorena", "Ristorante Ni Hao", "Dipartimento di Fisica", "Museo F. Baldinucci e Castello dei Vicari", "Museo di storia naturale dell'Universit#u00e0 di Pisa", "Sali Scendi Risto Mex Pub", "Ristorante Il Tinaio", "Ristorante Il Merlo", "Ristorante Pizzeria La Scaletta", "Ristorante La Vecchia Lira", "Hotel Ristorante Enoteca Hosteria Il Malandrone", "Campiglia Marittima", "Pistoia", "Pinacoteca e museo civico di Volterra", "Museo di Icone Russe F. Bigazzi", "junction theatre", "Antica Trattoria Da Bruno", "Ristorante La Terrazza", "Osteria Bernardo", "Triclinivm Taverna Romana", "Osteria Santa Caterina", "Locanda Di Camugliano", "Cosmopolitan Golf", "Grand Hotel Golf", "Casa Museo Gualerci Nicola", "Ristorante Il Barrino", "Enoteca La Dolce Vite", "Dipartimento di Ingegneria dell'Energia, dei Sistemi, del Territorio e delle Costruzioni", "Trattoria Del Papero", "172 chestertown road", "Montelupo-Capraia", "downing street", "Lup -Polpetteria&Ristorante", "La Taverna di Pulcinella", "La Vecchia Pieve", "Ristorante Barbarossa", "contemporary art museum", "Locanda Sant'Agata", "Massa Centro", "cambride towninfo centre", "La Taverna Dei Ghiottoni", "Camposanto monumentale", "Ristorante Cinese Oriente", "Antica Osteria Al Castello", "Osterua Dell'Usignolo", "Grosseto", "4455 woodbridge road", "from attraction", "Ristorante Pizzeria Il Pomarancino", "La Cantina Dei Crociati", "the gastropub", "alexander b&b", "Museo della geotermia", "the attraction", "there", "the gallery at twelve", "new england", "centre of town at my hotel", "depart"], "restaurant-book time": ["19:45", "13:45", "10:15", "19:15", "11:30", "10:30", "18:45", "13:30", "15:00", "11:45", "12:00", "15:15", "16:45", "15:45", "17:15", "19:30", "14:00", "10:45", "17:30", "18:00", "17:00", "12:30", "18:15", "20:15", "20:00", "12:45", "14:15", "13:25", "10:00", "16:00", "19:00", "13:15", "12:15", "16:30", "13:00", "11:00", "11:15", "14:30", "15:30", "18:30", "14:45", "17:45", "06:30", "09:45", "16:15", "07:30", "21:00", "01:45", "20:30", "17:00|16:00", "05:30", "05:00", "03:00", "03:30", "1330", "01:15", "20:45", "03:45", "06:15", "4pm", "03:15", "22:00", "02:00", "11:30|12:30", "05:15", "09:00", "07:15", "08:15", "07:00", "05:45", "07:17", "02:30", "15:30|16:30", "18:00|12:15", "8pm", "07:06", "17:30|16:30", "01:00", "9", "09:15", "17:16", "09:30", "14:40", "08:45", "7pm"], "restaurant-book day": ["thursday", "wednesday", "friday", "monday", "sunday", "saturday", "tuesday", "saturday|thursday", "sunday|thursday"], "restaurant-book people": ["2", "3", "1", "5", "6", "4", "7", "8", "21", "4|7", "9"], "taxi-arrive by": ["19:15", "15:45", "17:15", "17:30", "17:00", "12:45", "18:00", "13:30", "13:15", "17:45", "11:15", "14:30", "24:00", "14:45", "01:30", "11:45", "09:15", "16:45", "16:15", "12:15", "06:45", "12:30", "15 minutes", "15:00", "18:15", "13:45", "12:00", "14:15", "11:30", "18:30", "15:30", "18:45", "14:00", "21:00", "19:30", "08:15", "10:15", "20:00", "19:00", "20:15", "11:00", "16:30", "08:00", "20:30", "20:45", "10:45", "13:00", "09:00", "21:45", "16:00", "19:45", "16;15", "06:00", "10:30", "23:15", "15:15", "24:45", "02:00", "04:00", "13:05", "07:00", "04:15", "21:30", "23:00", "03:00", "02:45", "10:00", "07:15", "24:15", "01:15", "06:30", "23:30", "06:15", "21:15", "01:45", "07:30", "22:30", "02:15", "01:00", "05:30", "03:15", "03:45", "22:00", "03:30", "05:15", "22:15", "02:30", "09:45", "07:45", "17:05", "03:23", "04:45", "04:30", "09:30", "24:30", "22:45", "08:30"], "bus-departure": ["Pisa Centrale"], "bus-destination": ["Sarzana", "Massa Centro", "Pisa Centrale", "kohinoor"], "bus-leave at": ["21:45"], "bus-day": ["wednesday"]}