{"hotel-price range": ["cheap", "moderate", "expensive", "cheap|moderate", "moderate|cheap", "cheap>moderate", "$100"], "hotel-type": ["hotel", "guesthouse", "bed and breakfast", "hotel|guesthouse"], "hotel-parking": ["yes", "no", "free"], "hotel-book stay": ["3", "2", "5", "4", "1", "7", "3|1", "6", "5|4", "3nights"], "hotel-book day": ["tuesday", "wednesday", "monday", "saturday", "friday", "thursday", "sunday", "saturday|tuesday", "sunday>monday", "wednesday|friday", "friday>tuesday"], "hotel-book people": ["6", "5", "4", "3", "2", "1", "8", "7", "11"], "train-destination": ["cambridge", "ely", "peterborough", "norwich", "broxbourne", "peterbourgh", "london liverpool street", "leicester", "kings lynn", "birmingham new street", "london king 's cross", "london kings cross", "bishops stortford", "bishops", "boxbourne", "stevenage", "stansted airport", "london kings crossing", "london", "the stansted airport", "peterbourough", "lecester", "birmingham", "liverpool street", "norwhich", "standsted", "stanstead airport", "london liverpool", "standsted airport", "bisheops stortford", "curry prince", "centre", "cambridge museum", "glastonbury", "cambrdige", "bishops storford", "leicaster", "city centre north", "liverpool st", "bishops shortford", "london liver pool", "hogwarts", "liverpool london street", "bishops strotford", "petersborough", "king 's lynn", "bishops stratford", "liverpool", "leichester", "london liverpool st", "lodon liverpool street", "london 's kings crossing", "kings cross", "norway", "cambride", "brouxbourne", "cambrige", "birgmingham new street", "bishops ' stortford", "leincester", "leiceister", "pizza express", "stansted", "cambidge", "the missing sock", "kingls lynn", "stevanage", "stasted airport", "londons kings cross", "birmngham new street", "huntingdon marriott hotel", "london king cross", "gourmet burger kitchen", "bishop 's stortford", "bringham new street", "pererborough", "london liverpoool street", "huntington marriott", "london kings street", "bishops storthford", "copper kettle"], "train-arrive by": ["20:45", "11:30", "14:45", "08:15", "13:45", "08:00", "08:45", "11:00", "10:30", "11:45", "08:30", "20:00", "15:15", "19:00", "20:15", "16:45", "12:45", "10:45", "10:15", "13:51", "21:00", "15:00", "15:30", "17:15", "14:30", "20:30", "12:15", "18:15", "12:00", "14:00", "10:00", "21:45", "11:15", "16:15", "18:45", "18:00", "17:45", "13:30", "18:30", "19:30", "12:30", "09:15", "09:00", "16:00", "23:00", "09:30", "16:30", "09:45", "15:45", "19:15", "18:23", "13:00", "17:30", "10:54", "19:45", "21:15", "13:15", "21:30", "17:00", "05:00", "05:30", "11:52", "14:15", "19:32", "10:32", "10:07", "20:20", "03:00", "18:07", "20:58", "09:06", "07:15", "07:00", "12:07", "20:07", "13:03", "1545", "22:07", "23:27", "19:57", "08:44", "06:30", "07:52", "16:58", "18:03", "08:07", "13:34", "17:58", "02:00", "06:45", "17:06", "19:58", "10:43", "13:38", "14:07", "22:01", "02:30", "01:45", "15:06", "01:30", "07:35", "14:16", "05:52", "22:00", "15:54", "14:43", "19:27", "04:15", "01:15", "23:30", "15:01", "09:32", "16:32", "06:43", "13:32", "10:44", "18:01", "18:32", "8", "19:51", "09:01", "21:06", "06:07", "08:54", "22:06", "14:01", "04:45", "16:06", "20:06", "16:07", "14:24", "19:54", "07:08", "16:23", "21:08", "06:01", "16:44", "10:08", "20:38", "18:10", "20:08", "17:51", "20:54", "21:51", "07:51", "15:24", "17:23", "12:43", "11:32", "16:08", "12:08"], "train-departure": ["birmingham new street", "ely", "cambridge", "norwich", "bishops stortford", "peterborough", "stevenage", "broxbourne", "london liverpool", "leicester", "stansted airport", "kings lynn", "london kings cross", "london liverpool street", "cabridge", "stanstead airport", "london", "london king 's cross", "bournemouth", "londons king vross", "stevens", "steveage", "wandlebury country park", "stevanage", "birmingham", "bishops stratford", "standsted", "london kings", "birmingham new stree", "bishops", "london liverpool st.", "stansted", "liverpool street", "cambride", "king 's lynn", "liverpool", "bishops stafford", "panahar", "peterbourough", "cineworld", "birminham new street", "bishops shortford", "bishops stortfod", "kings cross", "stansted aiport", "leicaster", "bishop stortford", "huntingdon", "east london", "cambrige", "Ely", "king lynn", "city hall", "centre", "the stansted airport", "stansed airport", "londons kings cross", "brookshite", "stratford", "leicester.also", "petterborough", "stantsted airport", "london kings cross station", "stevenbridge", "longon kings cross", "lecester", "boxbourne", "broxburne", "aylesbray lodge guest", "steveanage", "liverpool st", "cambidge", "leiceter", "bishop 's stortford", "stanstedt airport", "london 's kings cross", "bishops strotford", "hamilton lodge", "london liverpool st", "petersborough", "alpha-milton", "leicster", "duxford", "biships stortford", "cafe uno", "birminggam new street", "strevenage", "london , liverpool street", "camboats", "long kings cross"], "train-day": ["wednesday", "monday", "saturday", "thursday", "friday", "tuesday", "sunday"], "train-book people": ["5", "8", "1", "6", "2", "7", "4", "3", "15", "10", "9"], "hotel-stars": ["4", "2", "0", "3", "5", "1", "3|4", "4|5"], "hotel-internet": ["yes", "no", "free"], "hotel-name": ["the cambridge belfry", "express by holiday inn cambridge", "allenbell", "city centre north b and b", "worth house", "the express by holiday inn cambridge", "university arms hotel", "el shaddai", "el shaddia guesthouse", "a and b guest house", "arbury lodge guesthouse", "acorn guest house", "kirkwood house", "autumn house", "aylesbray lodge guest house", "bridge guest house", "gonville hotel", "leverton house", "cambridge belfry", "ashley hotel", "aylesbray lodge", "the alpha - milton guest house", "a", "the lensfield hotel", "lensfield hotel", "finches bed and breakfast", "rosas bed and breakfast", "rosa 's", "home from home", "the gonville hotel", "avalon guesthouse", "alpha-milton guest house", "lovell lodge", "finches", "alexander bed and breakfast", "cityroomz", "limehouse", "huntingdon marriott hotel", "archway house", "warkworth house", "alexander b and b", "avalon", "marriot hotel", "alpha milton guesthouse", "alpha - milton guest house", "the carolina bed and breakfast", "carolina bed and breakfast", "hobsons house", "acorn house", "the acorn guest house", "hamilton lodge", "finches b & b", "allenbell guesthouse", "bridge guesthouse", "whale", "the allenbell", "hamilton lodge guesthouse", "huntingdon marriott", "gonville", "huntington marriott", "the avalon", "the a and b guest house", "alexander", "the alexander bed and breakfast", "express", "express holiday inn", "the el shaddai", "acorn guesthouse", "the ashley hotel", "ashley", "arbury lodge", "the alexander bed and breakfast guesthouse", "university arms", "huntingdon marriot hotel", "lensfield", "alexander b & b", "the cityroomz", "they archway house", "cambridge", "bell fry", "city centre north b and b.", "the lovell lodge", "a and b guest house 's", "the bridge guesthouse", "hobson 's house", "leverton guesthouse", "about acorn guest house", "the leverton house", "the", "rosa 's bed and breakfast", "the city centre north b and b", "north b and b", "cityrooms", "the arbury guest house", "express by holiday inn", "finches bed and breakfast guesthouse", "the university arms hotel", "the hamilton lodge", "bride guest house", "a and b guesthouse", "alexander b&b", "the worth house", "cabdrife butterfly", "the arbury lodge", "holiday inn cambridge", "the acorn house", "city centre north b & b.", "they ashley hotel", "ashley hotel|lovell lodge", "leverton", "belfry", "huntingdown marriot", "the alpha-milton|the hamilton lodge", "the avalon guesthouse", "cityroomzs hotel", "aylesbury", "hamilton lodge 's", "the arbury lodge guesthouse", "cote", "city centre north b and b and el shaddai", "a and b guest", "the alpha - milton guesthouse", "aylesbray lodge guest house|rosas bed and breakfast", "alexander b&b.", "the allenbell guesthouse", "cityroomz hotel", "acorn guest out", "sou", "avalon hotel", "university", "a and a guest house", "the holiday inn cambridge", "huntingdon marriott hotel|university arms hotel", "ashley hotel|lovell lodge|cityroomz", "gonville hotel|the lensfield hotel", "home from home guesthouse", "the autumn house", "bridge house", "hundington marriott hotel", "allenbell|autumn house|leverton house", "city centre b&b", "the archway house", "cityrooma hotel", "no", "ayles bray lodge guest house", "city centre north b&b", "kirkwood", "city centre b & b|el shaddai", "avalon guest house", "the a and b guest house 's", "the limehouse guesthouse", "ashely hotel|lovell lodge", "the warkworth house", "city centre b and b.", "el shaddai guesthouse", "huntington marriott hotel", "alpha - milton guesthouse", "the apha - milton guesthouse", "hobsons house 's", "the huntingdon marriott hotel", "the cityroomz hotel", "anatolia", "alyesbray lodge guest house", "hobson house", "city room hotel", "the home from home", "ashbury lodge guesthouse", "hobsons house guesthouse", "arbury lodge guest house", "huntingdon marriot", "the cambridge belfry hotel", "alpha - milton", "the arbury", "the acorn", "acorn hotel", "the allenbell|autumn house|leverton house", "allenball", "cherr", "the kirkwood guesthouse", "a&b guest house", "nusha", "eraina", "allenbell|alexander bed and breakfast", "royal standard", "cambridge belfry hotel", "la margherit", "churchill college", "the hobsons house", "alesbray lodge guesthouse", "the kirkwood house", "the bridge guest house", "huntingdon marriott hotel|cambridge belfry", "finches b&b", "bridge guest house|aylesbray lodge guest house", "citiroomz", "alexander bed & breakfast hotel", "warkworth", "alpha - milton guest house and hamilton lodge", "the the cambridge belfry", "express by holiday inn cambridge is", "restaurant one seven", "warkworth house|autumn house", "city centre north b and b|el shaddai", "carolina b&b", "the acorn guesthouse", "cityrooms hotel", "the aylesbray lodge guest house", "holiday \" inn \"", "hotel allenbell", "the archway", "archyway house", "lan hon", "gonville hotel and university arms hotel", "rosa 's b ed and breakfast", "the caridge belfrey", "alexander bed and breakfast|el shaddai", "1 and b guest house", "aylesbray lodge gest house", "the ashley hotel|lovell lodge", "alexander bread and breakfast", "express by holiday", "finches bed & breakfast", "a and b", "scott polar museum", "acorn", "a and b guest house has", "ashley hotel and the lovell lodge", "cityroomz 's", "university hotel", "ahley", "acron guest", "hutington marriot", "lovell", "the huntingdon marriott", "the allenbell hotel", "huntingdon", "sleeperz", "yes", "huntington marriott hotel city center", "a & b guesthouse", "autumn house hotel", "nus", "alexander|el shaddai|gonville hotel|university arms hotl", "the huntington marriott hotel", "alpha milton guest house", "like acorn guest house", "the allen bell is a guesthouse", "allenbell hotel", "the avolon", "the lensfield", "the belfry", "el shaddai hotel", "53 - 57 lensfield road", "cocum", "alpha ", "alpah - milton guest house", ". city centre north b and b and el shaddai", "the limehouse", "like worth house", "marriott", "archway guesthouse", "lensfield hotel 's", "warkworth house 's", "allenbell 's", "huntingdon hotel", "wartworth", "wandlebury coutn", "alexander bed and breakfast|university arms hotel", "acorn place", "super 5", "grafton hotel restaurant", "bed and breakfast", "alexander bed and breakfast guesthouse", "the allenbell house", "cambridge belfray", "alexander bed & breakfast", "worth house guesthouse", "the ashley", "lenfield", "arbury lodge guesthouses", "city centre north b and b.it", "doubletree by hilton cambridge", "finches b and b", "rajmahal", "express holiday inn by cambridge", "NOT(hamilton lodge)", "aylesbray", "hamilton house", "recommend the alexander bed and breakfast", "a&b guesthouse", "huntingdon marriotte hotel", "carolina bed & breakfast", "wankworth house", "alexander b & b.", "hobsons house hotel", "the home from home guesthouse", "the gonvile hotel"], "hotel-area": ["east", "north", "centre", "south", "west", "west|centre"], "train-leave at": ["21:15", "12:45", "19:45", "14:00", "18:15", "15:15", "10:00", "09:29", "10:15", "08:45", "19:15", "11:15", "17:45", "14:30", "20:00", "09:15", "20:15", "10:45", "14:45", "17:00", "21:00", "17:30", "11:30", "12:15", "11:45", "09:00", "14:15", "05:15", "18:00", "16:00", "11:00", "13:45", "08:00", "16:30", "18:45", "21:45", "13:00", "16:15", "10:32", "12:30", "08:15", "1532", "13:30", "02:00", "08:30", "15:00", "10:30", "09:45", "20:45", "21:30", "15:45", "07:45", "12:00", "09:39", "05:45", "09:30", "13:15", "18:30", "06:00", "19:30", "08:09", "19:00", "05:54", "07:21", "16:20", "17:15", "05:00", "16:45", "15:30", "11:40", "20:19", "05:30", "18:40", "20:30", "17:29", "11:16", "06:30", "18:06", "10:pm", "11:29", "22:00", "13:54", "08:01", "01:00", "13:11", "11:35", "09:50", "14:32", "12:19", "18:21", "20:01", "20:11", "09:54", "05:40", "05:36", "18:36", "05:16", "20:36", "afternoon", "19:54", "14:09", "15:48", "06:09", "06:01", "02:15", "08:52", "07:15", "morning", "11:11", "09:59", "05:35", "06:45", "07:00", "10:40", "15:54", "11:50", "07:54", "09:21", "08:16", "21:01", "08:10", "00:00", "1545", "07:17", "10:19", "13:39", "12:26", "15:11", "11:01", "05:24", "05:17", "11:39", "04:15", "9", "09:40", "17:01", "15:50", "1329", "12:48", "17:59", "19:11", "22:01", "17:21", "11:21", "09:11", "08:32", "12:32", "19:40", "after 16:30", "09:23", "11:48", "05:11", "21:39", "21:40", "03:45", "19:36", "10", "07:30", "after lunch", "13:32", "07:27", "5:45pm", "13:40", "05:50", "10:11", "20:21", "17:50", "03:15", "15:16", "15:29", "07:01", "07:35", "14:21", "19:35", "08:11", "13:50", "20:40", "18:09", "06:40", "09:17", "05:01", "13:36", "19:50", "11:17", "12:56", "17:11", "14:01", "15:39", "10:36", "07:40", "929", "13:24", "10:21", "15:24", "19:48", "13:17", "19:17", "09:19", "08:08", "17:16", "06:10", "15:01", "05:29", "14:40", "11:54", "01:44", "15:17", "14:19"], "attraction-area": ["centre", "west", "north", "south", "east", "centre|west"], "restaurant-price range": ["expensive", "cheap", "moderate", "moderate|cheap"], "restaurant-area": ["centre", "south", "north", "east", "west", "east|south"], "attraction-name": ["all saints church", "broughton house gallery", "funky fun house", "kings college|hughes hall", "christ college", "the", "downing college", "corpus christi", "the man on the moon", "cambridge and county folk museum", "ballare", "milton country park", "parkside pools", "wandlebury country park", "vue cinema", "vue", "cineworld cinema", "the cambridge punter", "clare hall", "kings college", "lynne strover gallery", "saint johns college", "saint john 's college", "churchills college", "churchill college", "old schools", "museum of classical archaeology", "cafe jello gallery", "adc theatre", "man on the moon", "emmanuel college", "the broughton house gallery", "all saint 's church", "soul tree nightclub", "cambridge university botanic gardens", "cambridge folk museum", "byard art", "christ 's college", "camboats", "magdalene college", "club salsa", "museum of archaeology and anthropology", "cherry hinton hall and grounds", "museum of archaelogy and anthropology", "castle galleries", "saint catharine 's college", "st. john 's college", "regency gallery", "whipple museum of the history of science", "pembroke college", "holy trinity church", "cambridge artworks", "cambridge arts", "scott polar museum", "nusha", "scudamores punting co", "clare college", "cambridge punter boat", "little saint mary 's", "great saint marys church", "the junction theatre", "jesus green outdoor pool", "adc theatre 's", "saint barnabas press gallery", "riverboat georgina", "great saint mary 's church", "the cafe jello gallery", "man on the moon concerthall", "kettles yard", "the wandlebury county park 's", "scudamore", "scudamores punting company", "scudamores punting co.", "whale of a time", "the vue cinema", "cambridge book and print gallery", "primavera", "sidney sussex college", "saint catharines college", "cherry hinton water play park", "the primavera", "churchill", "the place", "\" the place \"", "kings hedges learner pool", "queens college", "cambridge arts theatre", "little saint mary 's church", "castle galleries|primavera", "kambar", "the fez club", "byard art museum", "cambridge museum of technology", "primavera 's", "vue cineme", "little saint marys church", "the holy trinity church", "museum", "museums", "salsa", "the downing college", "cambridge punter", "cherry hinton water play", "the fitzwilliam museum", "museum primavera", "adc", "the funky fun house", "hobsons house", "the byard art museum", "junction on clifton way", "people 's portraits exhibition", "peoples portraits exhibition at girton college", "fez", "gallery at twelve a high street in fulbourn", "corpus christi college", "museum of archaelogy", "tenpin", "queens ' college", "mumford theatre", "cambridge arts theater", "cherry hinton village centre", "the adc theatre", "the riverboat georgina", "the museum of classical archaeology", "gonville and caius college", "trinity college", "abbey pool", "lammas land park", "abbey pool and astroturf pitch", "boat", "cambridge", "the mumford theatre", "place", "williams art and antiques", "house in the", "the cambridge university botanic gardens", "williams art and antiques museum", "cambridge contemporary art", "the cambridge corn exchange", "old school architecture", "the old schools", "ruskin gallery", "cambridge artworks museum", "sheeps green and lammas land park fen causeway", "cambridge and country folk museum", "museum of archaelogy and anthropology|fitzwilliam museum", "the kings hedges learner pool", "the museum of archaelogy and anthropology", "hughes hall", "fitzwilliam museum", "the cambridge book and print gallery", "the scott polar museum", "cambridge contemporary art museum", "kambar nightclub", "cafe jello", "junction theatre", "junction", "gonville hotel", "gallery at twelve a high street", "the gallery at twelve a high street", "sheep 's green and lammas land park", "the ballare", "botanical gardens at cambridge university", "all saints", "club ballare", "mumford", "christi 's college", "man on the moon concert hall", "cambrdige corn exchange theatre", "the cambridge contemporary art museum", "the gallery 's", "lynne stover gallery", "trinity street college", "the cambridge arts theatre", "people 's portraits exhibition at girton college", "peoples portraits exhibition", "abd print gallery", "cmbridge punter boat", "soul tree", "the junction", "scudamore 's punting co.", "jesus college", "the cherry hinton village centre", "university botanic gardens", "the lynne strover gallery", "kettle 's yard", "the wandlebury", "parkside pools on gonville place", "king hedges learner pool", "saint johns chop house", "gonville", "wadlebury county park", "broughton house galley", "old schools is", "museum of archeology and anthropology", "club salsas", "queen 's college", "old school", "the nusha", "the ruskin gallery", "worth house", "the whipple museum of the history of science", "broughton house gallary", "jesus green outdoor pool and kings hedges learner pool", "the soul tree nightclub", "camboats|funky fun house", "gallery at twelve", "the abbey pool and astroturf pitch", "museum of classical archeology", "the cineworld cinema", "christ", "free", "the cambridge artworks", "castle galleries museum", "milton county park", "riverboat", "ballare nightclub", "scudamores punting co|cambridge punters", "great saint mary 's", "cambridge corn exchange", "the soul tree", "cambridge county", "cambridge art museum", "cambridge university botanic garden", "sheep 's green and lammas land park fen causeway", "emmanuel colleges", "primavera museum", "teh museum of archeology and anthropology", "the magdalene college", "junction theater", "the milton park", "the castle galleries", "holy trinity", "churchill college at storey 's way", "the all saints church", "the churchill college", "aylesbray lodge guest house", "cherry hinton village center", "the club salsa", "byart museum", "william 's art and antiques museum", "saint catherine 's college", "scudamores punti co|the cambridge punter", "botanic gardens", "wipple museum of the history of science", "soultree", "the cherry hinton water play", "the places", "city", "olds schools", "funk fun house", "the byard museum", "great", "christ 's college 's", "parkside pool", "the byard art", "ballare club", "museum of classical archaelogy", "churchhill college", "christs college", "christs college|downing college", "river boat georgina", "college", "about the man on the moon", "sidney sussex|gonville and caius", "saint mary 's church", "fez club", "the sheep 's green and lammas land park", "cafe uno", "vue cinema in centre", "abbey pool & astroturf pitch", "abbey pol and astroturf pitch", "cinema cinema", "regency gallery museum", "parkside", "university arms hotel", "riverboar georgina", "whipple museum", "vue cinema downtown", "adc theatr", "the cambridge and county folk museum", "older churches", "williams art and antiques is", "bangkok city", "regency", "the milton county park", "chery hinto water play", "byard art gallery", "contemporary art", "the jesus green outdoor pool", "cinema at cambridge leisure way", "history of science museum", "bryard art museum", "contemporary art museum", "nusha|tenpin", "queens", "thanh", "all saints church 's", "cambridge museum of technology at the old pumping station", "home from home", "the parkside pool", "christs 's college", "the cherry hinton water play park", "cambridge temporary art", "the restaurant", "the man on the moon concerthall", "the camboats", "parkside swimming pool", "tenpin|nusha", "sheeps green", "jesus green", "cineworld", "byard art musuem", "saints church", "pizza", "abbey pool and astroturf pitc", "hughes hall 's", "county folk museum", "adc theatre located", "wandlebury country park and sheep 's green and lammas land park fen causeway", "scott polar", "magdalene colleges", "the cafe jello", "the regency gallery", "archway house", "whale of time", "christs college|saint catharines", "the cambridge museum of technology", "whipple", "king 's college", "museum of archaelogy and anthropogy", "scudamores punting co|the cambridge punter", "st catharines college", "the cherry hinton hall and grounds", "all saints church at the centre", "the wandlebury country park", "cherry hinton water park", "01223335153", "cambride and country folk museum", "cafe jello galery", "christs church", "wandlbury country park", "emmauel college", "fitzwilliam", "nusha and tenpin", "goto", "Cambridge university botanic gardens", "suggest holy trinity church", "old churches", "cineworld cinema 's", "ABC Theatre", "cafe gallery", "lynne strover", "the \" place \"", "club salsa 's", "schools", "adc theatre on park street", "st christs college", "saint catharine 's college on king 's parade", "autumn house", "corn cambridge exchange", "cafe jello museum", "bed", "camboats boat", "cherry", "museum of science", "kettle 's yard museum", "whippple museum"], "restaurant-food": ["caribbean", "turkish", "indian", "chinese", "seafood", "italian", "british", "australian", "asian oriental", "thai", "vegetarian", "modern european", "gastropub", "south indian", "european", "portuguese", "portugese", "swiss", "crossover", "french", "welsh", "korean", "tuscan", "new zealand", "polish", "molecular gastronomy", "eritrean", "the americas", "danish", "north american", "swedish", "persian", "american", "greek", "spanish", "barbeque", "jamaican", "mediterranean", "lebanese", "vietnamese", "cantonese", "sea food", "japanese", "belgian", "catalan", "creative", "brazilian", "spanish|portuguese", "scottish", "cuban", "sri lankan", "light bites", "australian|indian", "english", "mexican", "morrocan", "asian", "latin american", "african", "basque", "unusual", "modern global", "austrian", "international", "panasian", "halal", "bistro", "brazilian|portuguese", "russian", "north indian", "modern eclectic", "afghan", "world", "northern european", "malaysian", "venetian", "german", "traditional", "bristish", "irish", "romanian", "corsica", "steakhouse", "corsican", "indiian", "eriterean", "americas", "christmas", "scandinavian", "kosher", "barbecue", "brutish", "hungarian", "from singapore", "eastern european", "north american>indian", "singaporean", "south african", "thai and chinese", "polynesian", "not", "mondern european", "chines", "middle eastern", "modern glodal", "modern american", "indonesian", "moroccan", "north african", "canapes", "caribbean>indian", "afternoon tea", "fusion", "sri lanken", "morden european", "indian|african", "italian|indian", "modern euro", "chinese|mexican", "barbeque>modern european", "nothern european", "do n't", "sushi", "dojo noodle bar", "carribbean", "does", "portugeuese", "astropub", "traditional american", "gastropod", "latin", "malay", "jamaican>chinese", "kosher|british", "null", "carribean", "polunesian", "latin - american", "modern english", "europeon", "weish", "eclectic"], "restaurant-name": ["meze bar restaurant", "taj tandoori", "curry garden", "pizza hut city centre", "fitzbillies restaurant", "good luck chinese food takeaway", "cafe uno", "the gardenia", "frankie and bennys", "the oak bistro", "saigon city", "sala thong", "thanh binh", "riverside brasserie", "royal standard", "cambridge chop house", "oak bistro", "pizza express", "galleria", "the grafton hotel", "yippee noodle bar", "graffiti", "royal spice", "the curry prince", "rice house", "midsummer house", "restaurant alimentum", "nandos city centre", "little seoul", "nandos", "pizza hut city", "grafton hotel restaurant", "ugly duckling", "anatolia", "zizzi cambridge", "golden house", "there will", "yu garden", "bangkok city", "gourmet burger kitchen", "curry prince", "pizza hut fenditton", "city stop restaurant", "royal spice restaurant", "cambridge lodge restaurant", "the lucky star", "saint johns chop house", "copper kettle", "la raza", "backstreet bistro", "lucky star", "nandos 's", "charlie chan", "the golden curry", "golden curry", "sesame restaurant and bar", "ali baba", "india house", "darry 's cookhouse and wine shop", "tandoori palace", "cotto", "caffe uno 's", "cocum", "loch fyne", "eraina", "golden wok", "the nirala", "curry queen", "little seoul 's", "pizza hut cherry hinton|alimentum", "pizza hut cherry hinton", "the anatolia", "river bar steakhouse and grill", "prezzo", "curry king", "nirala restaurant", "bedouin", "wagamama", "ask", "da vinci pizzeria", "caffe uno", "the loch fyne", "restaurant one seven", "sitar tandoori", "hakka", "efes restaurant", "pizza hut", "la tasca", "the", "chiquito restaurant bar", "pipasha restaurant", "saffron brasserie", "kohinoor", "kymmoy", "la margherita 's", "the pizza hut cherry hinton", "maharajah tandoori restaurant", "cow pizza kitchen and bar", "hotel du vin and bistro", "the cambridge chop house", "taj tandoori 's", "nirala", "missing sock", "dojo noodle bar", "stazione restaurant and coffee bar", "the stazione restaurant", "prezzo restaurant", "pizza hut fen ditton", "la mimosa", "varsity restaurant", "cote", "varsity", "rice boat", "the missing sock", "the cow pizza kitchen and bar", "restaurant two two would", "the varsity restaurant", "panahar", "gandhi", "slug and lettuce", "the slug and lettuce", "maharajah tandoori", "meghna", "lovel", "la margherita", "efes", "don pasquale pizzeria", "pizza express located", "de luca cuccina and bar", "midsummer house restaurant", "bangkok city 's", "the river bar steakhouse and grill", "the taj tandoori", "bedouis", "de luca cucina and bar", "darrys cookhouse and wine shop", "peking restaurant", "thanh binh 's", "hk fusion", "the tandoori palace", "the dojo noodle bar", "bloomsbury restaurant", "travellers rest", "the ugly duckling", "rajmahal", "de luca", "primavera", "tang chinese", "grafton", "la mimosa 's", "dojo noodle  bar|j restaurant", "j restaurant", "restaurant two two", "the copper kettle", "alimentum", "jinling noodle bar", "michaelhouse cafe", "restaurant one seven 's", "ask restaurant", "the hotpot", "the cambridge lodge restaurant", "gardenia", "alex", "good luck chinese takeaway", "taj", "the yu garden", "good luck", "hot spot", "charlie chan 's", "the gourmet formal kitchen", "the graffiti", "midsummer house resaurant", "pizza express fen ditton", "xxx", "luca cucina and bar", "acorn guest house", "bloomsbury restaurant 's", "the peking restaurant", "the golden wok", "the riverside brasserie", "the la margherita", "hotspot", "bloomsbury", "the gandhi", "galleria at 33 bridge street", "city stop restaurant.and", "bedouin at 100 mill road city centre", "jinlin", "pipasha", "shanghai family restaurant", "the shanghai family restaurant", "curry prince 's", "the good luck chinese food takeaway", "ciquito restaurant bar", "grafton hotel", "curry king restaurant", "worth house", "nice boat", "copper kettle sound", "peking", "nando", "south", "pizza express on regent street and pizza express fen ditton", "golden wok 's", "shiraz", "prezzo 's", "cotto 's", "lan hong house", "carolina bed and breakfast", "mahal of cambridge", "lock fyne", "la margerita", "shanghai family", "the rice boat", "galleria restaurant", "molecular gastronomy", "european", "meghna 's", "two two and cote", "anatolia and efes restaurant", "clowns cafe", "taj tandoori restaurant", "the midsummer house restaurant", "da vinci pizza", "dojo noodle house", "da vinci pizzeria 's", "the curry garden", "the maharajah tandoori", "fitzbillies", "the royal standard", "gold wok", "sala thong|bangkok city", "darry 's cookhouse", "the grafton hotel restaurant", "great kymmoy", "anatolia 's", "la raza 's", "the yippee noodle bar", "chiquito restaurant", "curry prince|rajmahal", "golden wok chinese", "golden wok chinese restaurant", "the bedouin", "shiraz restaurant", "st johns chop house", "the megha", "avalon", "restaurant two two 's", "meze bar", "ian hong house", "ugly duckling restaurant", "tandoori", "sitar", "el shaddai", "yippee noodle bar 's", "the clowns cafe", "erania", "the j restaurant", "bangkok city restaurant", "broughton house gallery", "riverside brassiere", "now", "kohinoor restaurant", "varisty restaurant", "the ali baba", "caffee uno", "the gourmet burger kitchen", "the fitzbillies restaurant", "pipasha restaurant on newmarket road", "rice house in centre", "almentum", "chiquito", "hotpot chinese restaurant", "cheap", "chiquito restaurant and bar", "noodle", "the city stop restaurant", "the la raza", "two two", "ashley hotel", "kymmoy 's", "rice boat restaurant", "parkside pools", "fitzbillies restaurant 's", "the missing sock 's", "ugly ducking", "the maharajah tandoori restaurant", "the thanh binh restaurant", "river bar and steakhouse", "pizza hut in cherry hinton", "huntingdon marriott hotel", "missing rock", "the backstreet bistro", "la gardenia", "nusha", "the chiquito restaurant bar", "the meze bar restaurant", "india west", "gourmet burger kitchen 's", "stazione", "oak bistros", "hotpot", "hot pot", "the eraina", "curry", "hobsons house", "grafton hotel restaurant 's", "arbury lodge guesthouse", "autumn house", "limehouse", "ghandhi", "the curry queen", "meghan", "jingling noodle bar", "city centre north b and b.", "citycroomz", "the jinling noodle bar", "el shaddia guesthouse", "shanghai", "royal spice 's", "restuarant one seven", "is meze bar restaurant", "one seven", "restaurant 22", "the maharajah tandoor", "the ghandi", "darrys cookhouse & wine shop", "darrys cookhouse", "the hakka", "mahal", "hakka 's", "the rice house", "colto", "the chiquito restaurant", "the sesame restaurant and bar", "griffiti", "tang chinese restaurant", "dojo noodle bar|j restaurant", "to cotto", "little rose", "the dojo noddle bar", "zizzi cambrdige", "little seoul korean", "saigon city 's", "the restaurant alimentum", "many", "city harvest", "the bloomsbury restaurant", "the thanh binh", "adden", "peking restaurant 's", "royal standard restaurant", "recommend bloomsbury restaurant", "zizzi", "pizza express !", "da vinci pizzaria", "eraina and michaelhouse cafe", "bedouin 's", "da vinci pizzeria restaurant", "the varsity restaurant and bloomsbury restaurant", "the kymmoy", "cote 's", "pipasha restaurant 's", "dojo noodle", "meghana", "maharajah tandoor restaurant", "riverside brasseri", "river bar", "nil", "the cotto", "wise buddha", "ali baba restaurant", "the meghna restaurant", "nus", "pizza huts", "don pasquale pizzeria 's", "restaurant and coffee bar", "chinese food takeaway", "recommend golden house", "cambridge lodge", "cambridge lodge hotel", "several", "4 kings parade city centre", "grafitti", "th kymmoy", "the india house", "the galleria", "numbeer", "funky", "papadoux", "anatolia turkish", "kohinoor 's", "don pasquale", "loch fyne restaurant", "nando 's city centre", "nando 's", "restaurant alimentum 's", "nandos city center", "ha ha", "called the missing sock", "pizza hut in fen ditton located", "sala thong restaurant", "siagon city", "golden wok|nirala", "university arms hotel", "the cow pizza kitchen and barn", "kitchen and bar is", "kitchen and bar", "the meghna", "express by holiday inn cambridge", "the riverside brasserie restaurant", "travellers rest restaurant", "sure lan hong house", "sala thong thai food", "Kohinoor", "city stop", "ghandi", "the river bar", "the oak", "frankie and benny", "cityr", "pizza express regent street city centre", "scudamores punting", "super scary movie", "the hotel du vin and bistro", "the kohinoor", "bedouin restaurant", "rosa 's bed and breakfast", "de luca cucina and bar riverside brasserie", "royal spice indian restaurant", "little seoul restaurant", "the nandos city centre", "restauranr two two", "the stazione restaurant and coffee bar", "the meze bar", "yippee", "riverside brasserie sound", "the de luca cucina and bar", "saint john", "slug and lettuce is a gastropub", "pizza express and pizza express fen ditton", "the sala", "the golden house", "the alex", "ian hong", "loch fyne on the little rose", "cambridge punter", "shanghi family restaurant", "cote restaurant", "anatolia restaurant", "the rajmahal", "the clown 's cafe", "cow pizza kitchen", "cambridge be", "the darrys cookhouse and wine shop", "la tasca downtown", "yipee noodle bar", "travellers", "cam", "the place", "dif", "meghna restaurant", "the peking", "restaurant", "barbakan", "michaelhouse", "the zizzi cambridge", "maharajah", "corsica", "tandoori Palace", "bridge", "curry garden restaurant", "the lan hong house", "the varsity"], "hospital-department": ["emergency department", "paediatric clinic", "paediatric intensive care unit", "transplant high dependency unit", "transitional care", "haematology day unit", "acute medical assessment unit", "neurology", "oral and maxillofacial surgery and ent", "infectious diseases", "intermediate dependancy area", "plastic and vascular surgery", "cardiology and coronary care unit", "infusion service", "john farman intensive care unit", "neurology neurosurgery", "cambridge eye unit", "children 's oncology and haematology", "respiratory medicine", "gastroenterology", "hepatobillary and gastrointestinal surgery regional referral centre", "itermediate deoendancy area", "eurology", "urology", "surgery", "medical decisions unit", "haematology and haematological oncology", "acute medicine for the elderly", "pediatric day unit", "oncology", "psychiatry", "trauma high dependency unit", "children 's surgical and medicine", "infusion", "trauma and orthopaedics", "teenage cancer trust unit", "diabetes and endocrinology", "medicine for the elderly", "clinical decisions unit", "intermediate dependency area", "cardiology", "neurosciences critical care unit", "coronary care unit", "clinical research facility", "hepatology", "haematology", "antenatal", "neonatal unit", "acute medicine", "gynecology", "truama and orthopaedics", "pediatric clinic", "inpatient occupational therapy", "neurosciences"], "attraction-type": ["museum", "entertainment", "college", "nightclub", "swimming pool", "multiple sports", "architecture", "sports", "cinema", "boat", "churchills college", "theatre", "concerthall", "park", "night club", "theater", "concert", "museum|nightclub", "swimmingpool", "concert hall", "gallery", "gastropub", "can", "nighclub", "multiple sports|theatre", "park|boat", "entertainment|cinemas|museums|theatres", "hiking|historical", "theaters", "church", "collage", "swiming pool", "museum.and", "multiple sport", "pool", "sport", "museum kettles yard", "nightlclub", "architectural", "swimming", "special", "hotel", "architect", "concerthall|boat", "multiple", "club", "park or historical building", "the", "musuem", "outdoor"], "taxi-leave at": ["02:45", "24:45", "08:45", "04:15", "08:15", "04:45", "24:00", "12:30", "13:00", "22:15", "05:15", "10:30", "01:30", "16:45", "07:15", "12:15", "21:00", "17:15", "21:15", "15:00", "05:30", "19:45", "06:15", "19:00", "18:30", "06:45", "06:00", "01:00", "07:45", "06:30", "17:45", "18:15", "16:15", "21:30", "13:45", "05:45", "03:45", "21:25", "14:30", "20:00", "17:00", "14:00", "04:30", "23:30", "03:30", "20:15", "24:15", "02:00", "07:00", "23:00", "19:30", "22:00", "10:15", "16:30", "02:15", "18:00", "14:15", "18:45", "10:00", "17:30", "15:45", "19:15", "20:45", "12:00", "20:30", "15:30", "13:30", "11:45", "05:00", "03:15", "07:30", "23:15", "15:15", "16:00", "09:30", "02:30", "01:15", "after 2:30", "11:30", "09:45", "09:15", "03:00", "09:00", "15:25", "08:30", "14:45", "04:00", "11:00", "08:00", "11:15", "23:45", "13:15", "21:45", "24:30", "22:45", "01:45", "22:30", "thursday", "12:45", "10:45", "friday"], "taxi-destination": ["the express by holiday inn cambridge", "dojo noodle bar", "wandlebury country park", "cambridge chop house", "saint johns college", "kettle 's yard", "galleria", "churchills college", "royal spice", "all saints church", "nandos city centre", "cote", "the indian restaurant", "tang chinese", "bangkok city", "cambridge university botanic gardens", "lucky star", "london liverpool street train station", "la raza", "soul tree nightclub", "yippee noodle bar", "holy trinity church", "christ college", "el shaddai", "castle galleries", "restaurant alimentum", "whale of a time", "saint catharines college", "riverside brasserie", "fitzbillies restaurant", "cambridge", "christ 's college", "kohinoor", "golden curry", "wagamama", "tandoori palace", "little saint mary 's church", "little saint marys church", "camboats", "nusha", "acorn guest house", "riverboat georgina", "frankie and bennys", "jesus green outdoor pool", "aylesbray lodge guest house", "el shaddia guesthouse", "golden wok", "charlie chan", "huntingdon marriott hotel", "the cambridge chop house", "meze bar", "thanh binh", "adc theatre", "to restaurant", "graffiti", "saigon city", "city stop restaurant", "carolina bed and breakfast", "cafe jello gallery", "frankie and benny", "little seoul", "primavera", "\" the place \"", "loch fyne", "rice boat", "kings hedges learner pool", "la mimosa", "the place", "the junction", "cambridge belfry", "funky fun house", "pizza hut cherry hinton", "cambridge train station", "ian hong house", "ian hong", "sitar tandoori", "sidney sussex college", "cow pizza kitchen and bar", "the gardenia", "maharajah tandoori restaurant", "express by holiday inn cambridge", "don pasquale pizzeria", "hamilton lodge", "hobsons house", "kirkwood house", "archway house", "cambridge museum of technology", "allenbell", "hakka", "old schools", "ashley hotel", "de luca cucina and bar", "chiquito restaurant bar", "cambridge lodge restaurant", "efes restaurant", "bedouin", "club salsa", "bloomsbury restaurant", "hk fusion", "lynne strover gallery", "tall monument", "ask", "milton country park", "royal standard", "a and b guest house", "parkside police station", "curry garden", "scudamores punting co", "lensfield hotel", "rajmahal", "university arms hotel", "la margherita", "hotel du vin and bistro", "pizza hut fenditton", "hughes hall", "gonville hotel", "the gandhi", "ask restaurant", "ballare", "ali baba", "india house", "peking restaurant", "broughton house gallery", "meghna", "cambridge punter", "pipasha restaurant", "prezzo", "finches bed and breakfast", "avalon", "curry prince", "da vinci pizzeria", "corpus christi", "saffron brasserie", "downing college", "nandos", "arbury lodge guesthouse", "sesame restaurant and bar", "cambridge contemporary art", "stazione restaurant and coffee bar", "addenbrookes hospital", "williams art and antiques", "pembroke college", "to my hotel", "clare hall", "saint johns chop house", "tenpin", "cambridge arts theatre", "shanghai family restaurant", "king 's college", "kings college", "nirala", "cherry hinton village centre", "the hotpot", "pizza hut fen ditton", "alexander bed and breakfast", "ugly duckling", "cocum", "the lucky star", "gourmet burger kitchen", "university arms", "pipasha", "la tasca", "the nirala", "shiraz", "byard art", "sheeps green and lammas land park fen causeway", "caffe uno", "cafe uno", "vue cinema", "kambar", "the copper kettle", "parkside pools", "curry price", "yu garden", "trinity college", "birmingham new street train station", "copper kettle", "eraina", "the man on the moon", "cambridge artworks", "magdalene college", "mumford theatre", "pizza express", "the varsity restaurant", "ely train station", "lan hong house", "mahal of cambridge", "pizza hut city centre", "queens college", "golden house", "alpha - milton guest house", "alpha-milton guest house", "regency gallery", "darrys cookhouse and wine shop", "cityroomz", "travellers rest", "taj tandoori", "restaurant one seven", "museum of classical archaeology", "the cambridge corn exchange", "pizza hut", "the oak bistro", "cambridge county fair next to the city tourist museum", "alexander", "stansted airport train station", "the maharajah tandoori", "bridge guest house", "the grafton hotel restaurant", "cotto", "autumn house", "restaurant two two", "abbey pool", "gonville and caius college", "jesus college", "london kings cross train station", "city centre north b and b", "cherry hinton water play", "great saint mary 's church", "pizza express fen ditton", "traveler 's west", "rosas bed and breakfast", "good luck", "curry king", "the fez club", "jinling noodle bar", "cambridge book and print gallery", "st john 's chop house", "cherry hinton hall and grounds", "anatolia", "abbey pool and astroturf pitch", "saint barnabas press gallery", "j restaurant", "the river bar steakhouse and grill", "rice house", "byard art museum", "kymmoy", "nando 's city centre", "the ghandi", "kohinoor restaurant", "rosa 's bed and breakfast", "cineworld cinema", "churchill college", "clowns cafe", "the restaurants", "cheap", "michaelhouse cafe", "zizzi cambridge", "hobson 's house", "the la raza", "museum of archaeology and anthropology", "worth house", "midsummer house restaurant", "fitzwilliam museum", "ugly ducking", "the slug and lettuce", "whipple museum of the history of science", "tandoori place", "broxbourne train station", "home from home", "what of a", "warkworth house", "allen bell", "the cow pizza kitchen and bar", "the riverboat georgina", "lovell lodge", "museum of archaelogy and anthropology", "gonville", "the golden curry", "acorn", "kettles yard", "leicester train station", "cambridge road church of christ", "the acorn guest house", "backstreet bistro", "sala thong", "citi stop restaurant", "gallery at twelve a high street", "gallery at twelve", "the golden wok", "finches", "midsummer house", "the regent street city center", "maharajah tandoor", "grafton hotel restaurant", "hakka 's", "cambridge and county folk museum", "emmanuel college", "old school", "ugly duckling restaurant", "wankworth hotel", "sheep 's green and lammas land park fen causeway", "warworth house", "the missing sock", "restaurant", "alexander bed and breafast", "stazione", "the good luck chinese food takeaway", "panahar", "cherry hinton", "limehouse", "zizzi", "people 's portraits exhibition at girton college", "the university arms hotel", "lime house", "fitzbillies", "station road", "ruskin gallery", "scott polar museum", "the huntingdon marriott hotel", "the kymmoy", "efes", "bishops stortford train station", "riverside brasseri", "great saint marys church", "nil", "the rice house", "the retaurant", "norwich train station", "golden hous", "the lensfield", "stevenage train station", "queens ' college", "the cambridge belfry", "riverboat", "clare college", "huntingdon marriott", "saint barnabas", "warkworth", "arcon guest house", "county folk museum", "peterborough train station", "avalon guesthouse", "royal spice restaurant", "the chiquito restaurant bar", "the cambridge shop", "the chop house", "bedouin restaurant", "the places", "to hotel", "the nandos city centre", "the antolia", "the sala", "shiraz restaurant", "anatoilia", "cherry hinton water park", "the museum of classical archaeology", "maharajah tandoori", "all saints", "oak bistro", "guesthouse", "express by holiday inn", "meze bar restaurant", "cambridge punte", "sleeperz hotel", "meghna restaurant", "the city stop restaurant", "place", "cityroomz hotel", "hobsons house hotel", "cambots", "de luca", "the varsity"], "taxi-departure": ["christ college", "kirkwood house", "bridge guest house", "cineworld cinema", "gonville hotel", "curry prince", "ashley hotel", "arbury lodge guesthouse", "worth house", "city centre north b and b", "lensfield hotel", "the passenger cruisers", "backstreet bistro", "all saint 's church", "sala thong", "byard art", "london kings cross train station", "la raza", "cityroomz", "alexander bed and breakfast", "lovell lodge", "alpha-milton guest house", "el shaddia guesthouse", "restaurant alimentum", "castle galleries", "india house", "allenbell", "churchill college", "the lensfield hotel", "clare college", "pizza hut cherry hinton", "parkside pools", "cambridge arts theatre", "churchills college", "frankie and bennys", "huntingdon marriott hotel", "university arms hotel", "la margherita", "acorn guest house", "soul tree nightclub", "ali baba", "the acorn guest house", "saigon city", "el shaddai", "finches", "nusha", "wagamama", "cambridge belfry", "the cambridge belfry", "milton country park", "grafton hotel restaurant", "the express by holiday inn cambridge", "the man on the moon", "kings college", "great saint marys church", "the oak bistro", "club salsa", "loch fyne", "\" the place \"", "hamilton lodge", "la mimosa", "kings hedges learner pool", "gonville", "restaurant two two", "restaurant two two would", "queens college", "cambridge punter", "wandlebury country park", "kymmoy", "finches bed and breakfast", "magdalene college", "ely", "royal standard", "kings lynn train station", "the fez club", "from my hotel", "acorn guesthouse", "jesus green outdoor pool", "vue cineme", "vue cinema", "little saint marys church", "fez", "aylesbray lodge guest house", "midsummer house restaurant", "thanh binh", "hakka", "kettle 's yard", "kettles yard", "a and b guest house", "all saints church", "bloomsbury restaurant", "museum of classical archaeology", "camboats", "nandos , city center", "nandos city centre", "hobsons house", "carolina bed and breakfast", "golden curry", "rosas bed and breakfast", "the river bar", "the river bar steakhouse and grill", "cafe jello gallery", "cherry hinton water play", "alimentum", "archway house", "ugly duckling", "tandoori palace", "cherry hinton hall and grounds", "addenbrookes hospital", "the graffiti", "abbey pool", "riverboat georgina", "the varsity restaurant", "cambridge artworks", "broughton house gallery", "little seoul", "the missing sock", "autumn house", "stazione restaurant and coffee bar", "corpus christi", "whale of a time", "saint johns chop house", "prezzo", "express by holiday inn cambridge", "the la margherita", "funky fun house", "ian hong house", "lan hong house", "leverton house", "kambar", "abbey pool and astroturf pitch", "cambridge and county folk museum", "hotel", "the university arms hotel", "the museum of archaelogy and anthropology", "saint catharine 's college", "saint catharines college", "la tasca", "cambridge", "charlie chan 's", "broughton gallery", "the cambridge book and print gallery", "ambridge", "downing college", "cocum", "avalon", "mumford theatre", "ballare", "cote", "golden wok", "cambridge train station", "hughes hall", "saffron brasserie", "cambridge university botanic gardens", "charlie chan", "corpus christi college", "old schools", "jinling noodle bar", "birmingham new street train station", "meze bar", "pizza express", "alpha - minon guesthouse", "clare hall", "great saint mary 's church", "museum of archaelogy and anthropology", "cambridge contemporary art", "primavera", "adc theatre", "bedouin", "trinity college", "holy trinity church", "rajmahal", "golden house", "good luck", "the junction", "from hotel", "travellers rest", "restaurant one seven", "pizza hut fen ditton", "pizza hut fenditton", "the alpha - milton guesthouse", "the place", "curry king", "nirala", "graffiti", "pembroke college", "fitzwilliam museum", "galleria", "jesus college", "grafton", "anatolia", "alpha - milton guest house", "travelers rest", "curry garden", "the gandhi", "nandos", "king hedges learner pool", "saint johns college", "clowns cafe", "dojo noodle bar", "ashley", "panahar", "old schools is", "whipple museum of the history of science", "warkworth house", "gonville and caius college", "broxbourne train station", "the old schools", "royal spice", "meze bar restaurant", "gallery at twelve a high street", "ruskin gallery", "sheep 's green and lammas land park fen causeway", "sheeps green and lammas land park fen causeway", "marriott hotel", "home from home", "little saint mary 's church", "parkside police station", "scudamores punting co", "cherry hinton village centre", "sesame restaurant and bar", "sidney sussex college", "museum of archaeology and anthropology", "gonville hotell", "chiquito restaurant bar", "the lucky star", "pizza express fen ditton", "cambridge lodge restaurant", "ask", "milton county park", "huntingdon marriott", "rice boat", "tenpin", "city centre north b and b.", "allenbell guesthouse", "the cafe jello gallery", "caffe uno", "kirkwood", "yu garden", "rice house in centre", "corpus cristi", "limehouse", "the huntingdon marriott hotel", "hotel du vin and bistro", "rosa 's bed and breakfast", "meghna", "tang chinese", "the gardenia", "emmanuel college", "saint barnabas press gallery", "aylesbray", "arbury lodge guest house", "the churchill college", "lynne strover gallery", "byard art museum", "cherry hinton village center", "the club salsa", "bankok city", "bangkok city", "kohinoor", "don pasquale pizzeria", "fitzbillies restaurant", "olds schools", "curry queen", "the allenbell", "cherry hinton", "the cambridge corn exchange", "the ashley hotel", "cambridge museum of technology", "saint mary 's church", "georgina", "peterborough train station", "london liverpool street", "the loch fyne", "williams art and antiques", "christ 's college", "scott polar museum", "the broughton house gallery", "junction theatre", "yippee noodle bar", "da vinci pizzeria", "maharajah tandoori restaurant", "churchhill college", "darrys cookhouse and wine shop", "michaelhouse cafe", "cambridge contemporary art museum", "peking restaurant", "man on the moon", "rosa's bed and breakfast", "saint john 's college", "restuarant one seven", "express by holiday inn", "eraina", "the fez", "fez club", "peoples portraits exhibition at girton college", "the nirala", "cafe uno", "maharajah taondoori", "rice house", "cow pizza kitchen and bar", "mahal of cambridge", "cambridge leisure park", "the cambridge cinema", "the cambridge chop house", "acorn house", "carolina bed & breakfast", "taj tandoori", "aylesbray lodge", "the yippee noodle bar", "alyesbray lodge hotel", "finches bed & breakfast", "girton college", "cambridge chop house", "wandlebury county park", "j restaurant", "172 chestertown road", "stevenage train station", "downing street", "gourmet burger kitchen", "riverside brasserie", "scudmores punting co.", "eraina and michaelhouse cafe", "pizza hut city centre", "history of science", "the aylesbray lodge guest house", "college", "copper kettle", "acron guest", "contemporary art museum", "the hotpot", "bishops stortford station", "bishops stortford train station", "cambride towninfo centre", "citiroomz", "huntingdon", "de luca cucina and bar", "london liverpool street train station", "botanic garden at cambridge university", "lock fyne", "the vue cinema", "museum", "ely train station", "byart art", "shiraz", "clair hall", "tenpin|nusha", "christ", "whipple museum", "sala thong restaurant", "sitar tandoori", "funky funhouse", "huntingdon marriot hotel", "archway guesthouse", "cambridge book and print gallery", "allenbell 's", "queen 's college", "city stop restaurant", "norwich train station", "4455 woodbridge road", "the cherry hinton village centre", "cambridge belfy", "cambridge museum", "the cambridge lodge restaurant", "home", "from attraction", "fitzbillies", "primavera 's", "cambridge artworks museum", "cotto", "the slug and lettuce", "the gastropub", "whipple", "king 's college", "worth house guesthouse", "cambride and country folk museum", "alexander b&b", "zizzi cambridge", "regency gallery", "the attraction", "there", "the gallery at twelve", "gallery at twelve", "new england", "saint johns chop shop house", "the castle galleries", "recommend the alexander bed and breakfast", "pizza hut", "centre of town at my hotel", "the lovell lodge", "hong house", "depart", "the places", "gandhi"], "restaurant-book time": ["19:45", "13:45", "10:15", "19:15", "11:30", "10:30", "18:45", "13:30", "15:00", "11:45", "12:00", "15:15", "16:45", "15:45", "17:15", "19:30", "14:00", "10:45", "17:30", "18:00", "17:00", "12:30", "18:15", "20:15", "20:00", "12:45", "14:15", "13:25", "10:00", "16:00", "19:00", "13:15", "12:15", "16:30", "13:00", "11:00", "11:15", "14:30", "15:30", "18:30", "14:45", "17:45", "06:30", "09:45", "16:15", "07:30", "21:00", "01:45", "20:30", "17:00|16:00", "05:30", "05:00", "03:00", "03:30", "1330", "01:15", "20:45", "03:45", "06:15", "4pm", "03:15", "22:00", "02:00", "11:30|12:30", "05:15", "09:00", "07:15", "08:15", "07:00", "05:45", "07:17", "02:30", "15:30|16:30", "18:00|12:15", "8pm", "07:06", "17:30|16:30", "01:00", "9", "09:15", "17:16", "09:30", "14:40", "08:45", "7pm"], "restaurant-book day": ["thursday", "wednesday", "friday", "monday", "sunday", "saturday", "tuesday", "saturday|thursday", "sunday|thursday"], "restaurant-book people": ["2", "3", "1", "5", "6", "4", "7", "8", "21", "4|7", "9"], "taxi-arrive by": ["19:15", "15:45", "17:15", "17:30", "17:00", "12:45", "18:00", "13:30", "13:15", "17:45", "11:15", "14:30", "24:00", "14:45", "01:30", "11:45", "09:15", "16:45", "16:15", "12:15", "06:45", "12:30", "15 minutes", "15:00", "18:15", "13:45", "12:00", "14:15", "11:30", "18:30", "15:30", "18:45", "14:00", "21:00", "19:30", "08:15", "10:15", "20:00", "19:00", "20:15", "11:00", "16:30", "08:00", "20:30", "20:45", "10:45", "13:00", "09:00", "21:45", "16:00", "19:45", "16;15", "06:00", "10:30", "23:15", "15:15", "24:45", "02:00", "04:00", "13:05", "07:00", "04:15", "21:30", "23:00", "03:00", "02:45", "10:00", "07:15", "24:15", "01:15", "06:30", "23:30", "06:15", "21:15", "01:45", "07:30", "22:30", "02:15", "01:00", "05:30", "03:15", "03:45", "22:00", "03:30", "05:15", "22:15", "02:30", "09:45", "07:45", "17:05", "03:23", "04:45", "04:30", "09:30", "24:30", "22:45", "08:30"], "bus-departure": ["cambridge"], "bus-destination": ["london kings cross", "bishops stortford", "cambridge", "kohinoor"], "bus-leave at": ["21:45"], "bus-day": ["wednesday"]}