{"hotel-price range": ["economico", "non mi interessa", "medio", "costoso", "$100"], "hotel-type": ["Hotel", "pensione", "non mi interessa", "bed and breakfast"], "hotel-parking": ["s#u00ec", "no", "non mi interessa", "gratuito"], "hotel-book stay": ["3", "2", "5", "4", "1", "7", "31", "6", "546", "3 notti"], "hotel-book day": ["marted#u00ec", "mercoled#u00ec", "lunedi", "sabato", "venerd#u00ec", "gioved#u00ec", "domenica", "Domenica e luned#u00ec", "non mi interessa"], "hotel-book people": ["6", "5", "4", "3", "2", "1", "8", "7", "11"], "train-destination": ["Pisa Centrale", "Livorno Centrale", "Campiglia Marittima", "Grosseto", "Firenze S. M. Novella", "Pistoia", "Siena", "Cecina", "Bologna Centrale", "Sarzana", "Massa Centro", "spettacoli", "Montelupo-Capraia", "Lucca", "solo il", "il tuo prezzo", "centro", "glastonbury", "centro citt#u00e0 nord b&b.", "verruche", "pool di studenti", "sia Pizza Express", "Roccia mancante", "hotel huntingdon marriot", "La cucina formale gourmet", "non mi interessa", "Huntington Marriott", "suono del bollitore di rame"], "train-arrive by": ["20:45", "non mi interessa", "11:30", "14:45", "08:15", "13:45", "08:00", "08:45", "11:00", "10:30", "11:45", "08:30", "20:00", "15:15", "19:00", "20:15", "16:45", "12:45", "10:45", "10:15", "13:51", "21:00", "15:00", "15:30", "17:15", "14:30", "20:30", "12:15", "18:15", "12:00", "14:00", "10:00", "21:45", "11:15", "16:15", "18:45", "18:00", "17:45", "13:30", "18:30", "19:30", "12:30", "09:15", "09:00", "16:00", "23:00", "09:30", "16:30", "09:45", "15:45", "19:15", "18:23", "13:00", "17:30", "10:54", "19:45", "21:15", "13:15", "21:30", "17:00", "05:00", "5:30", "11:52", "14:15", "19:32", "10:32", "10:07", "20:20", "3:00", "18:07", "20:58", "09:06", "07:15", "07:00", "12:07", "20:07", "13:03", "1545", "22:07", "23:27", "08:44", "06:30", "07:52", "16:58", "18:03", "08:07", "13:34", "17:58", "2:00", "6:45", "17:06", "19:58", "10:43", "13:38", "14:07", "22:01", "02:30", "1:45", "15:06", "1:30", "07:35", "14:16", "05:52", "22:00", "15:54", "14:43", "19:27", "4:15", "1:15", "23:30", "15:01", "09:32", "16:32", "06:43", "13:32", "10:44", "18:01", "18:32", "8", "19:51", "09:01", "21:06", "06:07", "08:54", "22:06", "14:01", "4:45", "16:06", "20:06", "16:07", "14:24", "19:54", "07:08", "16:23", "21:08", "06:01", "16:44", "10:08", "20:38", "18:10", "20:08", "17:51", "20:54", "21:51", "07:51", "15:24", "17:23", "12:43", "11:32", "16:08", "12:08"], "train-departure": ["Bologna Centrale", "Livorno Centrale", "Pisa Centrale", "Grosseto", "Massa Centro", "Campiglia Marittima", "Montelupo-Capraia", "Firenze S. M. Novella", "Pistoia", "Siena", "Lucca", "Cecina", "Sarzana", "solo il", "bournemouth", "non mi interessa", "parco di campagna", "spettacoli", "pool di studenti", "il panahar", "Cineworld", "huntingdon", "l'ultimo", "sala concerti", "centro", "brookshite", "affittacamere alesbray lodge", "Hamiliton Lodge", "Hamilton", "Mumford", "dopo pranzo", "motoscafi"], "train-day": ["mercoled#u00ec", "luned#u00ec", "sabato", "gioved#u00ec", "venerd#u00ec", "marted#u00ec", "domenica", "non mi interessa"], "train-book people": ["5", "8", "1", "6", "2", "7", "4", "3", "15", "non mi interessa", "10", "9"], "hotel-stars": ["4", "2", "0", "3", "non mi interessa", "5", "1", "134", "45"], "hotel-internet": ["s#u00ec", "no", "non mi interessa", "gratuito"], "hotel-name": ["Principi Di Piemonte", "Grand Hotel Golf", "Terminus & Plaza", "Helvetia", "Michele Guest House", "A Casa A Pisa", "Grand Hotel Continental", "Grand Hotel Duomo", "Bologna", "Green Park Resort", "Novecento", "Astor", "Di Stefano", "Giardino Tower Inn", "Riviera Blu", "San Ranieri Hotel", "Moderno", "Touring", "a)", "Family Beach Village Regina Del Mare", "Bristol", "Cosmopolitan Golf", "Rosa' s", "Francesco", "Boboba", "fringuelli", "La Pace", "Rinascente", "L'Incanto Di Boccadarno", "My One Hotel Galilei", "La Torre", "Leopolda", "Villa Primavera", "Leonardo", "Minerva", "Euro Hotel", "balena", "Alexander", "costoso", "frittura a campana", "non mi interessa", "il", "Farfalla di Cabdrife", "the alpha-milton|the hamilton lodge", "Aylesbury", "ctre", "alexander b&b.", "quindi", "ashley hotel|lovell lodge|cityroomz", "allenbell|autumn house|leverton house", "no", "l'anatolia", "la ghianda", "the allenbell|autumn house|leverton house", "chear", "Nusha", "Eraina", "Royal Standard", "grande variet#u00e0", "churchill college", "ristorante uno sette", "B&B Carolina", "vacanza \"locanda\"", "l'arco", "lan hong", "the ashley hotel|lovell lodge", "a e b.", "Scott Polar Museum", "ghianda", "ashley hotel and the lovell lodge", "ahley", "huntingdon", "albergo sleeperz", "si", "nus", "alexander|el shaddai|gonville hotel|university arms hotl", "53 - 57 lensfield road", "cocom", "alpha ", "Marriot", "wandlebury", "Posto ghianda", "super 5", "ristorante hotel grafton", "l'ashley", "Lenfield", "Rajmahal", "Aylesbray"], "hotel-area": ["est", "nord", "non mi interessa", "centro", "Sud", "ovest"], "train-leave at": ["non mi interessa", "21:15", "12:45", "19:45", "14:00", "18:15", "15:15", "10:00", "09:29", "10:15", "08:45", "19:15", "11:15", "17:45", "14:30", "20:00", "09:15", "20:15", "10:45", "14:45", "17:00", "21:00", "17:30", "11:30", "12:15", "11:45", "09:00", "14:15", "5:15", "18:00", "16:00", "11:00", "13:45", "08:00", "16:30", "18:45", "21:45", "13:00", "16:15", "10:32", "12:30", "08:15", "15:32", "13:30", "2:00", "08:30", "15:00", "10:30", "09:45", "20:45", "21:30", "15:45", "7:45", "12:00", "09:39", "5:45", "09:30", "13:15", "18:30", "6:00", "19:30", "08:09", "19:00", "05:54", "07:21", "16:20", "17:15", "05:00", "16:45", "15:30", "11:40", "20:19", "5:30", "18:40", "20:30", "17:29", "11:16", "06:30", "18:06", "14:10", "11:29", "22:00", "13:54", "08:01", "1:00", "13:11", "11:35", "09:50", "14:32", "12:19", "18:21", "20:01", "20:11", "09:54", "05:40", "05:36", "18:36", "05:16", "20:36", "pomeriggio", "19:54", "14:09", "15:48", "06:09", "06:01", "2:15", "08:52", "07:15", "mattina", "11:11", "09:59", "05:35", "6:45", "07:00", "10:40", "15:54", "11:50", "07:54", "09:21", "08:16", "21:01", "08:10", "1545", "07:17", "10:19", "13:39", "12:26", "15:11", "11:01", "05:24", "05:17", "11:39", "4:15", "9", "09:40", "17:01", "15:50", "13:29", "12:48", "17:59", "19:11", "22:01", "17:21", "11:21", "09:11", "08:32", "12:32", "19:40", "at 6:08", "09:23", "11:48", "05:11", "21:39", "21:40", "3:45", "19:36", "10", "7:30", "dopo pranzo", "13:32", "07:27", "17:52", "13:40", "05:50", "10:11", "20:21", "17:50", "3:15", "15:16", "15:29", "07:01", "07:35", "14:21", "19:35", "08:11", "13:50", "20:40", "18:09", "06:40", "09:17", "05:01", "13:36", "19:50", "11:17", "12:56", "17:11", "14:01", "15:39", "10:36", "07:40", "9:29", "13:24", "10:21", "15:24", "19:48", "13:17", "19:17", "09:19", "08:08", "17:16", "06:10", "15:01", "05:29", "14:40", "11:54", "01:44", "15:17", "14:19"], "attraction-area": ["centro", "ovest", "nord", "sud", "non mi interessa", "est"], "restaurant-price range": ["caro", "economico", "medio", "non mi interessa"], "restaurant-area": ["centro", "Sud", "nord", "non mi interessa", "est", "ovest"], "attraction-name": ["Chiesa di Santa Maria della Spina", "Museo Diocesano di Arte Sacra", "Parco di Mau", "Dipartimento di Ingegneria dell'Energia, dei Sistemi, del Territorio e delle Costruzioni", "Dipartimento di Biologia - Polo Didattico Nobili", "il", "Dipartimento di Filologia, Letteratura e Linguistica", "Dipartimento di Farmacia", "Lumiere", "Camposanto monumentale", "Bagno Imperiale", "Giardino Scotto", "Piscina La Fornace", "Parco di Viale delle Piagge", "Multisala Odeon Pisa", "Vue", "Cinema Arsenale", "Battello sull'Arno Andrea da Pontedera", "Dipartimento di Economia e Management", "Museo di storia naturale dell'Universit#u00e0 di Pisa", "Dipartimento di Scienze Politiche", "Dipartimento di Chimica e Chimica Industriale", "Chiesa di San Frediano", "Museo delle Arti e dei Mestieri della Toscana", "Ecomuseo dell'alabastro", "Teatro Verdi", "Dipartimento di Fisica", "non mi interessa", "Il Pappafico", "Parco naturale di Migliarino - San Rossore - Massaciuccoli", "Palazzo Incontri-Viti", "Scalo Roncioni", "Dipartimento di Ingegneria dell'Informazione", "Comar", "Museo nazionale di San Matteo", "Parco Giochi Lilliput", "Museo dell'Opera del Duomo", "Dipartimento di Scienze Agrarie, Alimentari e Agro-ambientali", "Museo della geotermia", "Museo etrusco Guarnacci", "Dipartimento di Matematica", "Chiesa Nazionale di Santo Stefano dei Cavalieri", "Museo Nazionale della Certosa Monumentale di Pisa", "Museo di Icone Russe F. Bigazzi", "Parco Divertimenti Piccolo Mondo", "Pisa in trenino", "Dipartimento di Civilt#u00e0 e Forme del Sapere", "Chiesa di Santa Caterina d'Alessandria", "Chiesa di Santa Maria del Carmine", "Teatro del Silenzio", "Piscina Comunale", "Museo F. Baldinucci e Castello dei Vicari", "Arno Vivo", "Museo degli strumenti per il calcolo", "Casa Della Bania", "Museo delle navi antiche di Pisa", "Museo delle Miniere", "Dipartimento di Scienze della Terra", "Ciclilandia", "Borderline Club", "Piscina Cisanello", "Facolt#u00e0 di Medicina e Chirurgia", "La Citt#u00e0 del Teatro", "Open Gate", "dancing ba ba lu", "Museo nazionale di palazzo Reale", "museo", "musei", "Museo Piaggio Giovanni Alberto Agnelli", "e", "casa di hobson", "Giunzione sulla Clifton Way", "Casa Museo Gualerci Nicola", "pochi", "Museo della Storia Antica del territorio di Bientina", "Il Pineto Parco Avventura", "Teatro Sant'Andrea", "Centro Universitario Sportivo Pisa", "Dipartimento di Giurisprudenza", "Dipartimento di Scienze Veterinarie", "piscina abbaziale", "lammas land park", "ASD Nuoto La Gabella", "Pinacoteca e museo civico di Volterra", "casa nel", "Museo delle sinopie", "Teatro Nuovo", "architettura vecchia scuola", "Museo delle attivit#u00e0 agricole di Usigliano di Lari", "Parco delle Concette", "Dipartimento di Informatica", "Goonville Hotel", "Giardini botanici all'Universit#u00e0 di Cambridge", "Dipartimento di Ingegneria Civile e Industriale", "wandlebury", "gonville", "Casa ghianda", "gratuito", "l'albero dell'anima", "Junction theater", "pensione ayelsbray lodge", "giardini botanici", "albero dell'anima", "citt#u00e0", "ottimo", "dopo pranzo", "hotel armi universit#u00e0", "Museo Whipple", "nandos city", "cinema a cambridge leisure way", "museo di storia della scienza", "Regine", "allora", "dall'hotel", "il ristorante", "verde pecora", "capanna per pizza", "dependance ad arco", "Whipple", "01223335153", "nusha e il tenpin", "goto", "Adc Theatre in Park Street", "bed", "Ciliegia", "Museo delle Scienze"], "restaurant-food": ["caribbean", "indiano", "italiano", "non mi interessa", "mediterraneo", "greco", "toscano", "pizzeria", "un treno", "trattoria", "messicano", "vegetarian", "taverna", "enoteca", "southhend", "osteria", "siciliano", "nuotare", "oltre", "giapponese", "Gallese", "ristopub", "lattina", "new zealand", "piscine", "gastronomia molecolare", "certre", "la galleria", "danese", "polpetteria", "pechino", "stesso prezzo", "gratuito", "sushi", "barbeque", "jamaican", "cinese", "sardo", "gastropub", "centra", "americano", "belgian", "catalan", "eastside", "brazilian", "spanish|portuguese", "villette", "sri lankan", "light bites", "australian|indian", "calabrese", "morrocan", "anche un", "area nautica", "mediorientale", "basque", "insicuro", "modern global", "orientale", "napoletano", "panasian", "tutte le", "cronologia", "brazilian|portuguese", "russian", "nord-est", "ampia scelta", "afghan", "Cineworld", "un'altra area", "sera", "uomo", "albergo tradizionale", "Turco", "romanian", "corsica", "Pensione", "diciotto", "christ", "scandinavian", "altro", "barbecue", "hungarian", "from singapore", "north american>indian", "zona escursionistica", "Zona sud", "e cinema", "polynesian", "non", "modern glodal", "prezzo moderato", "indonesian", "moroccan", "pi#u00f9 economico", "caribbean>indian", "pomeriggio", "infusione", "sri lanken", "indian|african", "italian|indian", "chinese|mexican", "barbeque>modern european", "noodle house dojo", "carribbean", "nautica", "molti", "jamaican>chinese", "kosher|british", "null", "carribean", "libbre", "latin - american", "modern english", "ovest", "eclectic"], "restaurant-name": ["Gandhi", "Ristorante Il Barrino", "Ristorante La Grotta", "La Vecchia Pieve", "Ristorante Pizzeria La Scaletta", "Villa Dei Limoni", "Osteria La toscano", "Ristorante Ni Hao", "Ristorante Da Beppino Di Senes Angelo", "Ristorante Vito Re Della Pizza", "Ristorante Trattoria da Mario", "Que Viva Mexico", "L'Arte Del Bere E...", "La Taverna di Pulcinella", "Ristorante Enoteca Del Duca", "Pizzeria L'Arancio", "La Buca Di San Ranieri", "Osteria Alpaca Country House", "Pizzeria Sciu#u00e8 Sciu#u00e8", "Antica Trattoria Da Bruno", "Pizzeria L'Arciere", "Il Chiesino", "Enoteca Vecchio Frantoio", "Ristorante Quattro Gigli", "Gusto al 129", "Taverna Del Minatore", "Etna Street-food", "Gramigna", "Ristorante La Curva Made in Sicily", "Pane E Vino", "Ristorante Indiano Tanduri", "Ristorante Lanterna Blu", "Ristorante Il Turista", "Ci sar#u00e0", "Osteria Del Pinzagrilli", "Sali Scendi Risto Mex Pub", "Lup -Polpetteria&Ristorante", "Sosta Dei Cavalieri", "Osterua Dell'Usignolo", "La Pergoletta", "Osteria Di Ceppato", "Ristorante Da Gino", "Le Scuderie", "Ristorante Barbarossa", "Kyoto Japan sushi & delivery", "Bacchus Enoteca", "La Terrazza Sul Borgo", "Ristorante Di Campagna Podere Borgaruccio", "Ristorante Genovini", "Il Nuraghe di Pilo Augusto & Simoni Geminiano & Osanna", "Ristorante Il Poeta", "Triclinivm Taverna Romana", "Osteria Del Cavaiolo", "Ristorante Pizzeria Il Pomarancino", "Barlume Caf#u00e9", "Ristorante Greco Itaca", "Hotel Ristorante Enoteca Hosteria Il Malandrone", "Ristorante La Buca", "Ristorante Il Cucciolo", "Ristorante La Vecchia Lira", "Bibere", "La Taverna Dei Gabbiani", "Ristorante L'Artilafo", "Ristorante Il Vecchio Mulino", "Ristorante Cinese Oriente", "Al Madina specialit#u00e0 Mediorientali Pisa", "America Graffiti", "chiedere", "Ristorante La Terrazza", "Il Barrino", "Antica Osteria Al Castello", "Ristorante I Sette Nani", "Edo Sushi Place", "il", "Sugo e Camicia", "Ristorante Il Geranio", "Ristorante La Faeta", "Ristorante Il Tinaio", "Trattoria Della Faggiola", "Ristorante La Vecchia Cascina", "Osteria Bernardo", "Enoteca La Dolce Vite", "Osteria Ponte Di Sacco", "Il Campano", "Trattoria Pizzeria Il Ponte", "Bottega E Ristoro Da'R Gallo", "Anima di Grano Pizzeria napoletano", "Locanda Di Camugliano", "Xin Zhong Guo", "Zen", "varsity", "La Taverna Di Emma", "Ristorante Giapponese IJY", "Osteria Vecchia Noce", "La Cantinetta Vini", "La Cantina Dei Crociati", "Ristorante Il Foro", "oltre", "efes", "Ristorante Il Merlo", "La Taverna Dei Ghiottoni", "Villa Poschi Ristorante Le Arcate", "Pizzeria Bella Napoli", "Pizzeria Martino", "Ristorante Ombra Della Sera", "de luca", "primavera", "Ristorante Dei Lorena", "Trattoria Del Papero", "non mi interessa", "Ristorante Il Frantoio", "Osteria Santa Caterina", "Locanda Sant'Agata", "balena", "Taj", "buona fortuna", "Osteria Dei Poeti Volterra", "xxx", "Osteria Dei Cavalieri", "Galleria al 33 di Bridge Street", "beduino a 100 Mill Road City Centre", "Jinlin", "pipasha", "Ristorante Nando", "pechino", "sud", "Pizza Express su Regent Street e Pizza Express Fen Ditton", "shiraz", "Carolina bed and breakfast", "Ristorante Castelvecchio - Villa Sonnino", "gastronomia molecolare", "Europeo", "due due", "Ristorante Castero Banca Della Bistecca", "Avalon", "Namast#u00e8 India", "4 stelle", "el shaddai", "galleria broughton house", "ora", "almentum", "Chiquito", "economico", "noodle", "ashley hotel", "piscine lato parco", "hotel huntingdon marriot", "Nusha", "stazione", "Pensione Arbury Lodge", "centro citt#u00e0 nord b e b.", "citycroomz", "affittacamere el shaddia", "shanghai", "molti", "Raccolta in citt#u00e0", "una dozzina", "Zizzi", "nirala", "Buddha saggio", "nus", "diversi", "numeratore", "funky", "Papadoux", "hotel armi universit#u00e0", "espresso da cambridge locanda vacanze", "Il bar sul fiume", "citt#u00e0", "punting scudamores", "film super spaventoso", "bed and breakfast rose", "Yippee", "Loch Fyne su The Little Rose", "lattina", "dif", "Barbakan", "Maharajah", "corsica", "Cambridge"], "hospital-department": ["Radiodiagnostica PS", "Endoscopia interventistica e pediatrica", "Neonatologia", "Chirurga Generale e dei trapianti", "Genetica Medica", "Medicina 1", "Medicina d'Urgenza", "Neuroradiologia", "Chirurgia Maxillo - Facciale", "Malattie infettive", "Medicina IV", "Chirurgia Vascolare", "Cardiologia 2", "Medicina V", "Anestesia e Terapia del Dolore", "Neurochirurgia", "Oculistica", "non mi interessa", "Oncoematologia pediatrica", "Interstiziopatie Polmonari", "Gastroenterologia", "Chirurgia malattie infiammatorie intestinali", "Urologia 2", "Chirurgia plastica", "Laboratorio genetica medica", "Terapia medico nucleare endocrino oncologica", "Reumatologia", "Chirurgia pediatrica e dell'adolescenza", "Ginecologia oncologica", "Psichiatria", "Ortopedia e traumatologia", "Pediatria", "Ortopedia e traumatologia 1", "Oncoematologia pediatrica 2", "Malattie metaboliche e diabetologia", "Laboratorio di Analisi chimico cliniche", "Cardiologia 1", "Neurologia", "Medicina Nucleare", "Farmacologia Clinica e Farmacogenetica", "Epatologia", "Ematologia", "Infertilit#u00e0 e procreazione medicalmente assistita", "Ostetricia e Ginecologia 2", "Ginecologia", "Diagnosi e terapia delle infezioni difficili"], "attraction-type": ["museo", "divertimento", "universit#u00e0", "discoteca", "piscina", "polisportiva", "architettura", "sport", "cinema", "turismo", "churchill college", "teatro", "sala concerti", "parco", "non mi interessa", "gallery", "gastropub", "lattina", "entertainment|cinemas|museums|theatres", "storico", "chiesa", "museum kettles yard", "speciale", "hotel", "parco o edificio storico", "all'aperto"], "taxi-leave at": ["20:45", "24:45", "08:45", "4:15", "08:15", "4:45", "2:00", "12:30", "13:00", "2:15", "5:15", "10:30", "1:30", "16:45", "07:15", "12:15", "21:00", "17:15", "21:15", "15:00", "5:30", "19:45", "6:15", "19:00", "18:30", "6:45", "6:00", "1:00", "7:45", "06:30", "17:45", "18:15", "16:15", "21:30", "13:45", "5:45", "3:45", "14:30", "20:00", "17:00", "14:00", "23:30", "3:30", "20:15", "07:00", "23:00", "19:30", "22:00", "10:15", "16:30", "18:00", "14:15", "non mi interessa", "18:45", "10:00", "17:30", "15:45", "19:15", "12:00", "20:30", "15:30", "13:30", "11:45", "05:00", "3:15", "7:30", "15:15", "16:00", "09:30", "02:30", "1:15", "ore 23:60", "11:30", "09:45", "09:15", "3:00", "09:00", "15:25", "08:30", "14:45", "11:00", "08:00", "11:15", "13:15", "21:45", "2:30", "1:45", "gioved#u00ec", "12:45", "10:45", "venerd#u00ec"], "taxi-destination": ["espresso da cambridge locanda vacanze", "noodle house dojo", "parco di campagna", "Chop shop Cambridge", "in giro per il college", "Museo di Kettle' s Yard", "Galleria", "churchill college", "ottimi prezzi", "chiesa di tutti i santi al centro", "Nandos City Centre", "ctre", "il ristorante meghna", "e cinema", "nandos city", "barca da gioco cambridge", "lucky star", "london liverpool street train station", "La raza", "Nightclub Ballare", "yippee noodle bar", "trinit#u00e0 santa", "corpus christi college", "el shaddai", "gallerie d'arte", "ristoranti in citt#u00e0", "tutta Cambridge", "ristorante brasserie lungofiume", "il ristorante", "cambridge", "christ' s college situato", "Kohinoor", "chiese pi#u00f9 antiche", "Wamagama", "Posto ghianda", "little saint mary 's church", "little saint marys church", "motoscafi", "Nusha", "affittacamere ghiande", "battello fluviale", "frankie and bennys", "piscina all'aperto", "pensione ayelsbray lodge", "affittacamere el shaddia", "golden wok", "fascia di prezzo economica", "hotel huntingdon marriot", "la casa ponte", "meze bar", "tnahh binh", "da quelle parti", "I graffiti", "in citt#u00e0", "Il ristorante cotto", "Carolina bed and breakfast", "galleria caff#u00e8 gelatina", "frankie and benny", "Rosa piccola", "primavera", "il luogo", "loch fyne", "siepi kings", "La Mimosa", "giunzione", "campanile a camme", "auumn house", ", ciliegia hinton", "la stazione dei treni", "ian hong", "maharajah tandoori", "Sidney Sussex", "cucina pizza mucca", "gardenia", "Pizzeria Clowns Cafedon Pasquale", "Hamiliton Lodge", "casa di hobson", "Kirkwood House", "dependance ad arco", "museo della tecnologia", "allenball", "l'hakka", "vecchie scuole", "ashley hotel", "de luca cucina", "Ristorante Cocum", "cambridge lodge", "Il beduino", "ballare del club", "infusione", "Lynne Strover", "monumento alto", "chiedere", "Milton county park", "Royal Standard", "a ed essere guest house", "stazione di polizia parkside", "I giardini", "punting scudamores", "Lensdield Hotel", "Rajmahal", "hotel armi universit#u00e0", "la gardenia", "hotel du vin and bistro", "pizzeria a fen ditton situata", "Hughes Hall!", "Goonville Hotel", "gandhi", "ristoranti", "ballare", "The ali baba", "casa ponte", "galleria broughton house", "la meghna", "Ristorante Ali Baba", "prezzo", "fringuelli bed & breakfast", "Avalon", "il tuo prezzo", "ristorante pizzeria da vinci", "saffron brasserie", "Downing College", "Nandos", "Pensione Arbury Lodge", "stessa fascia di prezzo e zona", "L'attrazione dell'arte contemporanea cambridge", "Il ristorante della stazione", "ospedale addenbrookes", "arte e antiquariato", "college cambridge", "al mio hotel", "clare", "Chop House Saint Johns", "dieci", "Cambridge Centre", "ristorante anatolia", "girton college", "nirala", "cherry Hinton Village Centre", "pentola calda", "alexander bed and breakfast", "ugly duckling", "cocom", "la zona centrale", "La cucina formale gourmet", "i bracci universitari", "pipasha", "la tasca", "shiraz", "vicino al museo d'arte", "Il parco naturale delle pecore e lammas", "caffe uno", "dopo pranzo", "il cinema", "kambar", "suono del bollitore di rame", "piscine lato parco", "Eraina", "La sala concerti dell'uomo sulla luna", "magdalene", "cinema", "sia Pizza Express", "lan hong", "tutte le cambridge", "centro citt#u00e0", "college", "consigliamo casa d'oro", "Pensione alfa milton", "galleria d'arte", "cuoco darrys", "citycroomz", "Riposo viaggiatori", "ristorante uno sette", "scambio di cambridge di mais", "capanna per pizza", "la quercia", "cambridge county fair next to the city tourist museum", "Alexander", "il tandoori maharajah", "Guest House sposa", "ristorante hotel grafton", "cotto", "piscina abbaziale", "Gonville e Caius College", "london kings cross train station", "centro citt#u00e0 nord b e b.", "cherry Hinton Village", "great saint mary 's church", "pizza express Regent Street City Centre", "bed and breakfast rose", "buona fortuna", "curry king", "fez club", "jinling noodle bar", "galleria stampa abd", "funky Funky Funky House e Cherry Hinton Hall e giardini", "l'anatolia", "Cherry Hinton Park, Abbey Pool e Astroturf Pitch", "56 saint barnabas road", "bar sul fiume e steakhouse", "Il kymmoy", "il megha", "Ristorante kohinoor", "caffetteria del clown", "economico", "michaelhouse cafe", "in cambridge", "museum of archaeology and anthropology", "Casa ghianda", "casa di mezza estate", "fitzwilliam", "ugly ducking", "bistrot backstreet e la lumaca e lattuga", "la storia della scienza", "dall'hotel", "cosa", "warkworth", "Il bar sul fiume", "lovell Lodege", "gonville", "la galleria", "ghianda", "opere d'arte cambridge e molti altri", "backstreet bistro", "Galleria a dodici", "gli unici due", "fringuelli", "24 Green Street City Centre", "tandoor maharajah", "Hakka' s", "museo popolare di contea", "Emmanuel College", "vecchia scuola", "Ristorante Ugly Duckling", "un altro hotel", "casa di ghiande", "Roccia mancante", "stazione", "Cibo cinese da asporto", "il panahar", "Limhouse", "Zizzi", "mostra ritratti persone", "fitzbillies", "strada della stazione", "Scott Polar Museum", "L'hotel Huntington Marriott", "efes", "great saint marys church", "Lensfield", "caridge belfrey", "huntingdon Marriott", "San Barnaba", "ristorante spezie reali", "la casa delle ghiande", "Ristorante beduino", "all'hotel", "Sala", "museo d'arte o archeologia o scienza", "Tutti i Santi", "Bistrot di quercia", "pensioni", "ristorante meze bar", "albergo sleeperz", "luogo", "hotel cityroomz", "de luca", "la squadra"], "taxi-departure": ["corpus christi college", "Kirkwood House", "Guest House sposa", "e cinema", "Goonville Hotel", "il tuo prezzo", "ashley hotel", "Pensione Arbury Lodge", "Casa ghianda", "centro citt#u00e0 nord b e b.", "Lensdield Hotel", "the passenger cruisers", "backstreet bistro", "chiesa di tutti i santi al centro", "lan hong", "vicino al museo d'arte", "london kings cross train station", "La raza", "citycroomz", "alexander bed and breakfast", "lovell Lodege", "Pensione alfa milton", "affittacamere el shaddia", "ristoranti in citt#u00e0", "gallerie d'arte", "casa ponte", "allenball", "churchill college", "l'hotel lovell", "college cambridge", ", ciliegia hinton", "piscine lato parco", "Cambridge Centre", "frankie and bennys", "hotel huntingdon marriot", "hotel armi universit#u00e0", "la gardenia", "affittacamere ghiande", "Nightclub Ballare", "The ali baba", "in citt#u00e0", "el shaddai", "fringuelli", "Nusha", "Wamagama", "campanile a camme", "caridge belfrey", "Milton county park", "ristorante hotel grafton", "espresso da cambridge locanda vacanze", "La sala concerti dell'uomo sulla luna", "girton college", "great saint marys church", "la quercia", "ballare del club", "loch fyne", "il luogo", "Hamiliton Lodge", "La Mimosa", "siepi kings", "gonville", "ristoranti", "restaurant two two would", "college", "barca da gioco cambridge", "parco di campagna", "Il kymmoy", "fringuelli bed & breakfast", "magdalene", "gelatina", "Royal Standard", "la stazione dei treni", "fez club", "dal mio hotel", "piscina all'aperto", "il cinema", "little saint marys church", "pochi", "pensione ayelsbray lodge", "casa di mezza estate", "tnahh binh", "l'hakka", "Museo di Kettle' s Yard", "a ed essere guest house", "Ristorante Cocum", "museo della tecnologia", "motoscafi", "Nandos City Centre", "casa di hobson", "Carolina bed and breakfast", "chiese pi#u00f9 antiche", "bed and breakfast rose", "Il bar sul fiume", "bar sul fiume e steakhouse", "galleria caff#u00e8 gelatina", "cherry Hinton Village", "alimentum", "dependance ad arco", "ugly duckling", "Posto ghianda", "funky Funky Funky House e Cherry Hinton Hall e giardini", "ospedale addenbrookes", "i graffiti", "piscina abbaziale", "battello fluviale", "il ristorante", "cambridge", "galleria broughton house", "Rosa piccola", "Roccia mancante", "auumn house", "Il ristorante della stazione", "tutta Cambridge", "Chop House Saint Johns", "prezzo", "il matrimonio", "ian hong", "Pensione Leverton", "kambar", "Cherry Hinton Park, Abbey Pool e Astroturf Pitch", "museo popolare di contea", "hotel", "the museum of archaelogy and anthropology", "Santa Caterina", "in giro per il college", "la tasca", "chiesa", "galleria stampa abd", "Cambridge", "Downing College", "cocom", "Avalon", "cinema", "ballare", "ctre", "golden wok", "Hughes Hall!", "saffron brasserie", "fascia di prezzo economica", "vecchie scuole", "jinling noodle bar", "meze bar", "sia Pizza Express", "clare", "great saint mary 's church", "L'attrazione dell'arte contemporanea cambridge", "primavera", "da quelle parti", "Il beduino", "trinit#u00e0 santa", "Rajmahal", "consigliamo casa d'oro", "buona fortuna", "giunzione", "dall'hotel", "Riposo viaggiatori", "ristorante uno sette", "pizzeria a fen ditton situata", "Apha - Pensione milton", "curry king", "nirala", "I graffiti", "fitzwilliam", "Galleria", "grafton", "l'anatolia", "I giardini", "gandhi", "Nandos", "pool di studenti", "caffetteria del clown", "noodle house dojo", "ahley", "il panahar", "la storia della scienza", "warkworth", "Gonville e Caius College", "ottimi prezzi", "ristorante meze bar", "Galleria a dodici", "galleria d'arte", "Il parco naturale delle pecore e lammas", "Marriott Hotel", "little saint mary 's church", "stazione di polizia parkside", "punting scudamores", "cherry Hinton Village Centre", "stessa fascia di prezzo e zona", "Sidney Sussex", "museum of archaeology and anthropology", "la zona centrale", "pizza express Regent Street City Centre", "cambridge lodge", "chiedere", "huntingdon Marriott", "dieci", "affittacamere allenbell", "caffe uno", "Kirkwood", "gardenia", "Rice House in Centre", "Limhouse", "L'hotel Huntington Marriott", "hotel du vin and bistro", "la meghna", "Emmanuel College", "56 saint barnabas road", "Aylesbray", "Lynne Strover", "La salsa", "nandos city", "Kohinoor", "Pizzeria Clowns Cafedon Pasquale", "curry queen", "scambio di cambridge di mais", "saint andrew' s street", "georgina", "london liverpool street", "l'unico", "arte e antiquariato", "christ' s college situato", "Scott Polar Museum", "teatro junction", "yippee noodle bar", "ristorante pizzeria da vinci", "maharajah tandoori", "cuoco darrys", "michaelhouse cafe", "museo d'arte contemporanea", "sala concerti man on the moon", "San Giovanni", "Eraina", "sono", "mostra ritratti persone", "dopo pranzo", "cucina pizza mucca", "tutte le cambridge", "parco ricreativo cambridge", "Zona sud di Cambridge", "la casa ponte", "casa di ghiande", "aylesbray lodge", "the yippee noodle bar", "affittacamere alyesbray lodge", "Chop shop Cambridge", "154 chesterton road", "downing street", "La cucina formale gourmet", "ristorante brasserie lungofiume", "eraina and michaelhouse cafe", "centro citt#u00e0", "suono del bollitore di rame", "Ospite Acron", "pentola calda", "bishops stortford station", "Cambride TownInfo Centre", "citiroomz", "huntingdon", "de luca cucina", "london liverpool street train station", "Giardini botanici all'Universit#u00e0 di Cambridge", "lock fyne", "museo", "area barche", "shiraz", "sala concerti", "nusha", "christ", "Museo Whipple", "Ristorante sala tanga", "Il ristorante cotto", "4455 woodbridge road", "Museo d'arte di Cambridge", "Alcuni", "dall'attrazione", "fitzbillies", "cotto", "bistrot backstreet e la lumaca e lattuga", "il gastropub", "Whipple", "Pensione Worth House", "alexander b&b", "in cambridge", "l'attrazione", "ci sono", "la galleria alle 12", "new england", "la galleria", "capanna per pizza", "centro citt#u00e0 al mio hotel", "Partenza"], "restaurant-book time": ["19:45", "13:45", "10:15", "19:15", "11:30", "10:30", "18:45", "13:30", "15:00", "11:45", "12:00", "15:15", "16:45", "15:45", "17:15", "19:30", "14:00", "10:45", "17:30", "18:00", "17:00", "12:30", "18:15", "20:15", "20:00", "12:45", "14:15", "13:25", "10:00", "16:00", "19:00", "13:15", "12:15", "16:30", "13:00", "11:00", "11:15", "14:30", "15:30", "18:30", "14:45", "17:45", "06:30", "09:45", "16:15", "7:30", "21:00", "1:45", "20:30", "5:30", "05:00", "3:00", "3:30", "1330", "1:15", "20:45", "3:45", "non mi interessa", "6:15", "16: 00", "3:15", "22:00", "2:00", "5:15", "09:00", "07:15", "08:15", "07:00", "5:45", "07:17", "02:30", "20: 00", "07:06", "1:00", "9", "09:15", "17:16", "09:30", "14:40", "08:45", "19: 00"], "restaurant-book day": ["gioved#u00ec", "mercoled#u00ec", "venerd#u00ec", "lunedi", "domenica", "sabato", "marted#u00ec", "non mi interessa"], "restaurant-book people": ["2", "3", "1", "5", "6", "4", "7", "8", "21", "407", "9"], "taxi-arrive by": ["19:15", "15:45", "17:15", "17:30", "17:00", "12:45", "18:00", "13:30", "13:15", "17:45", "11:15", "14:30", "2:00", "14:45", "1:30", "11:45", "09:15", "16:45", "16:15", "12:15", "6:45", "12:30", "15 minuti", "15:00", "18:15", "13:45", "12:00", "14:15", "11:30", "18:30", "15:30", "18:45", "14:00", "21:00", "19:30", "08:15", "10:15", "20:00", "non mi interessa", "19:00", "20:15", "11:00", "16:30", "08:00", "20:30", "20:45", "10:45", "13:00", "09:00", "21:45", "16:00", "19:45", "6:00", "10:30", "2:15", "15:15", "24:45", "1:05", "07:00", "4:15", "21:30", "23:00", "3:00", "10:00", "07:15", "1:15", "06:30", "23:30", "6:15", "21:15", "1:45", "7:30", "2:30", "1:00", "5:30", "3:15", "3:45", "22:00", "3:30", "5:15", "02:30", "09:45", "7:45", "20:23", "4:45", "09:30", "08:30"], "bus-departure": ["cambridge"], "bus-destination": ["london kings cross", "bishops stortford", "cambridge", "Kohinoor"], "bus-leave at": ["21:45"], "bus-day": ["mercoled#u00ec"]}